host,mtg_sealed,platform,pokemon,mtg_evidence,pokemon_evidence
afk.games,sealed,shopify,pokemon_sealed,Aetherdrift Bundle product page on shop.afk.games,Phantasmal Flames ETB product page
atomicempire.com,sealed,unknown,pokemon_sealed,Phyrexia All Will Be One set booster box product page with price,Stellar Crown booster box item page
backwoodswizards.com,sealed,unknown,pokemon_sealed,Bloomburrow play booster and bundle product pages,booster display and elite trainer box product pages
bargys.com,sealed,shopify,pokemon_sealed,Lorwyn booster box /products/ page,/products/ pages for ETB tins and collection boxes
blusportscards.com,sealed,woocommerce,pokemon_sealed,MTG play booster and booster box product pages with prices,shop page lists Pokemon booster box and ETB filter
cardexchangegaming.com,sealed,crystalcommerce,pokemon_sealed,Return to Ravnica booster box catalog page with price,Pokemon sealed catalog with trainer boxes category
cardexchangesports.com,sealed,woocommerce,pokemon_sealed,Aetherdrift play booster display product page,booster box and elite trainer box product pages with prices
casualheroescag.com,sealed,unknown,pokemon_sealed,shop/c/p Final Fantasy collector booster box product pages,Destined Rivals booster box product page
cepokedash.shop,sealed,unknown,pokemon_sealed,snippet lists MTG TMNT collector booster box and commander decks,Mega Evolution and Miraidon elite trainer box with prices
collectons.com,sealed,unknown,pokemon_sealed,/shop/item/ pages for Edge of Eternities play and collector booster boxes with prices,Pokemon booster box item pages
comics-n-stuff.com,sealed,woocommerce,pokemon_sealed,Return to Ravnica booster pack under /shop/ with price,Pokemon box set and tin product pages
computerandgaminguniverse.com,sealed,crystalcommerce,pokemon_sealed,Ikoria booster box catalog page with price,Pokemon sealed catalog tins box sets and blister pack pages
coretcg.com,sealed,unknown,pokemon_sealed,Magic booster boxes /Products/ pages with prices,booster box and ETB product pages with prices
cornermagicgames.com,sealed,shopify,pokemon_sealed,Unsanctioned box set /products/ page,/products/ pages for Pokemon tins and blisters
darkninjagaming.com,sealed,shopify,pokemon_sealed,MTG Sealed collection and Commander Masters collector booster box page,Rebel Clash booster box and tins product pages
deervalleycollectibles.com,sealed,unknown,pokemon_sealed,online shop with Shop Magic: The Gathering category page and /products/ URLs,151 poster collection product page
dlairhouston.com,sealed,shopify,pokemon_sealed,Kaladesh booster pack and Warhammer 40K commander deck /products/ pages,Pokemon GO Poke Ball tin /products/ page
dragonskeep.com,sealed,shopify,pokemon_sealed,shop.dragonskeep.com Challenger Deck and Arena Starter Kit /products/ pages,shop subdomain Pokemon booster pack and TCG product pages
dragonslairnw.com,sealed,wix,pokemon_sealed,MTG set booster box and theme booster product pages,booster box product pages with prices
evolvecardsandcollectibles.com,sealed,shopify,pokemon_sealed,Aetherdrift collector booster display product page,booster box and ETB product pages
fantasygames-southbend.com,sealed,unknown,pokemon_sealed,booster boxes category and Lorwyn Eclipsed collector booster box product page,Pokemon mini tin display product page and booster box listing
frostsportscardaddicts.com,sealed,woocommerce,pokemon_sealed,shop has Mtg booster category,premium collection box product page add to cart
gameheadquarters.com,sealed,magento,pokemon_sealed,Foundations play booster box product page,premium collection and mini tin product pages with prices
gamersguildazcards.com,sealed,shopify,pokemon_sealed,Zendikar Rising collector booster box product page,/products/ booster box and ETB pages
goodgamesna.com,sealed,unknown,pokemon_sealed,"store.goodgamesna.com booster box product pages (Strixhaven, Kamigawa, Double Masters)",fusion strike booster box product page
heroessportscards.com,sealed,unknown,pokemon_sealed,Mirrodin booster pack $80 product page,flashfire booster box product page
highspeedcollectibles.com,sealed,shopify,pokemon_sealed,Avatar collector booster box and Assassin's Creed bundle product pages,paradox rift booster box product page
hobbydencollectibles.com,sealed,unknown,pokemon_sealed,MTG collector booster pack product pages under /shop/,scarlet and violet booster box product page
infinitygamelounge.com,sealed,shopify,pokemon_sealed,Play booster pack and booster box product pages,/products/ Prismatic Evolutions trainer box bundle with price
justgamesrochester.com,sealed,shopify,pokemon_sealed,shop subdomain MTG Marvel collector booster box product pages,shop subdomain booster box and ETB pages with prices
k0scardshop.com,sealed,shopify,pokemon_sealed,MTG Fallout commander deck product page on tcg subdomain,sealed store subdomain with ETB prices
meeples-games.shoplightspeed.com,sealed,lightspeed,pokemon_sealed,TMNT play booster display and collector booster product pages,Prismatic Evolutions ETB product page with price
montasy.com,sealed,shopify,pokemon_sealed,Final Fantasy play booster box product page,/products/ Chaos Rising booster box and ETB with prices
mrniceguygames.com,sealed,crystalcommerce,pokemon_sealed,catalog magic_sealed preconstructed deck pages,Pokemon sealed tins and box sets catalog pages
myshopville.com,sealed,shopify,pokemon_sealed,Final Fantasy play booster box product page,/products/ Pokemon booster box pages with prices
orbsportscards.com,sealed,shopify,pokemon_sealed,shop subdomain Edge of Eternities play booster display,shop subdomain ETB and tin product pages
owlcentralgames.com,sealed,crystalcommerce,pokemon_sealed,Foundations collector booster display product page,/product/ booster box pages and sealed catalog
pangaeagaming.com,sealed,unknown,pokemon_sealed,Final Fantasy play booster box product page,Paldea Evolved booster box product page
planetcomicsgreenville.com,sealed,shopify,pokemon_sealed,Bloomburrow play booster display product page,ME1 booster box product page with price
playthegamereadthestory.com,sealed,unknown,pokemon_sealed,Final Fantasy play booster pack and box product page,Sword & Shield elite trainer box product page
powerninegaming.com,sealed,crystalcommerce,pokemon_sealed,catalog booster packs and booster boxes sections,pokemon_sealed_products catalog page
rng-gamez.com,sealed,shopify,pokemon_sealed,Foundations play booster display product page,Surging Sparks ETB and booster box product pages
shop.fabricatorsforge.com,sealed,shopify,pokemon_sealed,Reality Fracture play booster display product page,Pokemon booster display product pages
shop.greengatehobbies.com,sealed,shopify,pokemon_sealed,Final Fantasy play booster box product page,Stellar Crown booster box product page
shopofmagic.com,sealed,shopify,pokemon_sealed,Foundations play booster display product page,Paldea Evolved ETB product page on shop subdomain
spudstcg.com,sealed,woocommerce,pokemon_sealed,Kamigawa Neon Dynasty bundle product page (/product/),Shiny Star V booster box product page
thecomicsplace.com,sealed,shopify,pokemon_sealed,shop.thecomicsplace.com /products/ with MTG Foundations collector booster display,Celebrations ETB product page
thekavecollectibles.com,sealed,shopify,pokemon_sealed,Hobbit Play Booster Display Box $189.99 product page,Japanese booster box listings with prices
theriftny.com,sealed,square,pokemon_sealed,/product/ pages for OTJ play booster box and collector booster box,Pokemon TCG shop category with booster boxes
threeforonetrading.com,sealed,shopify,pokemon_sealed,shop. subdomain /products/ Foundations play booster box,Destined Rivals booster box product page
undergroundgames.com,sealed,unknown,pokemon_sealed,/product/ Foundations Jumpstart boosters and Final Fantasy bundle,Paradox Rift booster box product page
wyldergaming.com,sealed,shopify,pokemon_sealed,/collections/magic-the-gathering and collector booster display product page,XY Evolutions booster pack product page with price
zehttys.com,sealed,shopify,pokemon_sealed,shop.zehttys.com /products/ Spider-Man bundle box and MTG boxes,Mega Evolution booster box product page
adventuregamesoshkosh.square.site,sealed,square,unknown,Secret Lair Ultimate Edition product pages,nothing indexed
alternateu.com,sealed,unknown,pokemon_other,store.alternateu.com catalog MTG sealed collector booster pages with price,singles and prerelease events; sealed only via raffle mention
birmingham.geargaming.com,sealed,shopify,pokemon_other,/products/ pages with MTG singles and Mystery Booster listing,homepage mentions Pokemon section no sealed product page
bluebridgegames.square.site,sealed,square,pokemon_other,Core 2019 booster box /product/ page with price,store indexed with MTG and Lorcana boxes; no Pokemon product page seen
brapsmagic.com,sealed,unknown,pokemon_other,catalog booster boxes with prices,Pokemon singles and empty sealed booster pack category
cardboardgarage.com,sealed,woocommerce,no_pokemon,Foundations play booster box /product/ page,only Magic products and accessories indexed
celestialgamesflorida.com,sealed,square,pokemon_other,Commander deck and Jumpstart /shop/p/ product pages,Pokemon singles pages; no sealed product seen
collectorscove.com,sealed,unknown,pokemon_other,categories page lists draft set and collector boosters,text mentions sealed but only Gameboy game product page
comixzone.com,sealed,unknown,pokemon_other,March of the Machine Aftermath draft booster product page,mentions Pokemon but no product page seen
commonroomgames.com,sealed,unknown,pokemon_other,online store page with MTG booster boxes and prices,library page mentions Pokemon; no shop product pages
crggamesllc.com,sealed,shopify,no_pokemon,Marvel Super Heroes play booster /products/ page with price,only Magic products indexed
criticalhitgames.biz,sealed,woocommerce,pokemon_other,Ikoria commander deck /product/ page,homepage mentions Pokemon boxes; no product pages
darkdepthsgames.com,sealed,zencart,no_pokemon,Innistrad Remastered play booster box product page with price,only Magic and Games Workshop indexed
desertskygames.com,sealed,unknown,unknown,Commander Legends draft booster box /product/ page,nothing indexed
dlairhouston.square.site,sealed,square,no_pokemon,MTG Ikoria Bundle product page,only token product indexed no pokemon
exploding6.com,sealed,shopify,pokemon_other,Outlaws of Thunder Junction play booster and commander deck products,pokemon mentioned but no sealed product page seen
fpnyc.com,sealed,unknown,pokemon_other,MTG play booster pack product pages with prices,card games category mentions Pokemon; no product page seen
gameonmichigan.com,sealed,wix,unknown,Ixalan booster box and MH3 prerelease kit product pages,nothing indexed
gamersvaultonline.com,sealed,unknown,pokemon_other,Online catalog with MTG booster boxes and packs categories,Pokemon singles catalog; no sealed product page seen
gamevaultfl.com,sealed,custom,pokemon_other,Magic the Gathering Series catalog page plus Lorcana booster pack catalog,pokemon singles and category menu only
gatheringplacegames.com,sealed,wordpress,pokemon_other,Products archive with play booster box and pack prices,mentions Pokemon mystery packs in blog posts; no shop pages
gryphongamesandcomics.com,sealed,comichub,unknown,Throne of Eldraine Brawl deck display product page,nothing indexed
hexnyc.com,sealed,wix,pokemon_other,Double Masters booster box preorder page with price,about page says sells Pokemon sealed; no product pages
hobbyrising.com,sealed,unknown,pokemon_other,Final Fantasy collector display product page,only pokemon binder and model kit indexed
hobbytown.com,sealed,unknown,pokemon_other,Wizards of the Coast booster products with prices,pokemon accessories only no sealed product page
marylandtcg.com,sealed,unknown,pokemon_other,Homepage lists MTG booster box and collector booster case items,homepage mentions Pokemon sealed via TCGPlayer and eBay; no product pages
nyhccomics.com,sealed,woocommerce,no_pokemon,product-category magic-the-gathering booster boxes,only Magic page indexed; no Pokemon results
phoenixrisetx.com,sealed,unknown,pokemon_other,homepage lists Play Booster Pack and Commander Deck best sellers,homepage mentions Pokemon sealed but no product page
phoenixseattle.com,sealed,shopify,no_pokemon,Hobbit play booster box product page,only Magic products indexed
polyhedrongaming.com,sealed,crystalcommerce,pokemon_other,catalog Magic Products box sets booster boxes,Pokemon singles catalog only seen
popshophq.com,sealed,unknown,pokemon_other,sealed product and collectibles page with MTG boosters,release and article pages and sealed category but no product page
rainbowcomicsandcards.com,sealed,unknown,pokemon_other,MTG booster box product page,Pokemon singles product pages only
rivertowngames.square.site,sealed,square,no_pokemon,Theros booster box product page,only Magic products indexed
store.capitalbooksonk.com,sealed,unknown,no_pokemon,Phyrexia AWBO collector booster box item page and MTG games section,only Magic product indexed
the-gathering-place.mybigcommerce.com,sealed,bigcommerce,pokemon_other,Foundations collector booster box product page with price,Pokemon brand page only no sealed product
thecollectorsbench.com,sealed,shopify,pokemon_other,collections/booster-boxes MTG booster cases,homepage mentions Pokemon boxes no product page
thecomicbookshoppe.com,sealed,shopify,pokemon_other,Aetherdrift play booster box /products/ page with price,Pokemon collection page only no sealed product seen
thesportscardshop.com,sealed,unknown,pokemon_other,Magic The Gathering boxes-and-packs category page,only mentions Pokemon collection on sports category pages
titangamesandhobbies.com,sealed,unknown,pokemon_other,delivery. subdomain /product/ Dominaria United Bundle,only Pokemon model kits
unisongamescafe.com,sealed,unknown,pokemon_other,/product/ Final Fantasy play booster box and OTJ commander decks,only 10 energy pack product page
3kingssportscards.com,no_mtg,unknown,pokemon_sealed,"/product/ pages for Pokemon, Yu-Gi-Oh, One Piece only",Destined Rivals Japanese packs product page
accoladescollectibles.com,mtg,unknown,pokemon_sealed,MTG near me page and /shop live inventory no sealed product page,paradox rift booster bundle product and shop pages
alphacollectablesbox.com,no_mtg,unknown,pokemon_sealed,Pokemon products only,elite trainer box and booster bundle product pages
azsportscards.com,no_mtg,unknown,pokemon_sealed,sports cards and Pokemon releases,Mega Greninja ex premium collection box page with price
bbsportscard.com,mtg,wix,pokemon_sealed,Pokemon booster bundles product-page; MTG only in TCG trade night events,champion path elite trainer box product page
bestdealtradingcards.com,no_mtg,shopify,pokemon_sealed,Pokemon singles and sealed collections only,booster box product listings with prices
cobra-cards.com,no_mtg,unknown,pokemon_sealed,sports cards and Pokemon shop,Destined Rivals booster box sealed case product page
collectinghaven.store,no_mtg,unknown,pokemon_sealed,"Pokemon and Lorcana online store, no MTG seen",Japanese booster box shop listings
collectizzles.com,no_mtg,woocommerce,pokemon_sealed,Pokemon and One Piece booster box product pages only,Journey Together elite trainer box listed with price on product pages
collectorscornershop.com,no_mtg,unknown,pokemon_sealed,sports cards and Pokemon only,Pokemon collection with elite trainer boxes and V boxes
dads-dugout.com,no_mtg,unknown,pokemon_sealed,sports cards and Pokemon product pages only,booster bundle and tin product pages
diamondclubcards.com,no_mtg,unknown,pokemon_sealed,Topps and Pokemon products,Pokemon collectors bundle product page
dukecity.games,mtg,shopify,pokemon_sealed,/products/ singles and deck boxes; homepage mentions sealed but no sealed page seen,Obsidian Flames booster box and ETB product pages
elite3tcg.com,no_mtg,wix,pokemon_sealed,Japanese Pokemon boosters only,booster boxes and packs pages with prices
endlesstcg.com,no_mtg,shopify,pokemon_sealed,Japanese Pokemon only,many /products/ booster box pages with prices
firstroundpicksohio.com,no_mtg,wix,pokemon_sealed,Pokemon collection box product page; no MTG seen,collection box product-page and booster box prices
gamesofconcord.com,mtg,custom,pokemon_sealed,"catalog set pages and singles, sealed not clearly seen",catalog pokemon_sealed_products booster box category
gemmintcardhouse.com,no_mtg,shopify,pokemon_sealed,"Pokemon cards PSA dealer Sugar Land TX, Pokemon product page only",pokemon-booster-boxes collection and /products/ pack page
hitnruncards.com,no_mtg,unknown,pokemon_sealed,sports cards and Pokemon only,Pokemon Journey Together booster box product page $200
hitparadecollection.com,mtg,unknown,pokemon_sealed,gaming section mentions MTG; no sealed page seen,product pages with prices for Pokemon graded card hobby boxes
hyped.cards,no_mtg,unknown,pokemon_sealed,Pokemon sports cards One Piece; no MTG seen,Paldean Fates elite trainer box listed $49.99
pokenola.com,no_mtg,shopify,pokemon_sealed,Pokemon One Piece Lorcana only,booster boxes collection and product pages with prices
thedragonloft.store,mtg,shopify,pokemon_sealed,/collections/tcg and /products/; MTG sealed not seen,Ascended Heroes elite trainer box product page $74.99
valhallasgate.com,mtg,unknown,pokemon_sealed,MTG draft and prerelease event pages only,Pitch Black elite trainer box in catalog new items
1standgoalcollectibles.com,unknown,unknown,not_checked,domain not indexed; Canton GA sports card shop per directories,
1stopcardshopandgames.com,mtg,unknown,no_pokemon,Lake Oswego shop hosts MTG tournaments; sports cards and retro games,only homepage indexed no Pokemon seen
1stopcardshoptx.com,no_mtg,unknown,unknown,Bellaire TX sports cards and Pokemon shop,nothing indexed
3rd-coast-collector.com,unknown,unknown,not_checked,Pasadena TX collectibles shop; MTG not seen,
3rdcoastcards.com,mtg,unknown,no_pokemon,MTG singles retailer with set pages; no sealed pages seen,only contact page indexed mentions MTG
528collectibles.com,no_mtg,wix,pokemon_other,sports and Pokemon collectibles; no MTG seen,mentions Pokemon but no sealed product page
5cgaming.com,mtg,unknown,unknown,MTG-focused card shop Springfield MO no product page seen,nothing indexed
5starcards.com,mtg,unknown,pokemon_other,graded card marketplace with MTG graded cards; sealed claim unconfirmed,graded Pokemon card pages only
5thinningcards.com,no_mtg,unknown,unknown,baseball and sports cards only,nothing indexed
605diecast.com,no_mtg,unknown,unknown,Sioux Falls diecast and collectibles store,nothing indexed
610collectibles.com,unknown,unknown,not_checked,domain not indexed; Robesonia PA card shop per directories,
716cardsandcollectibles.com,no_mtg,unknown,unknown,West Seneca NY sports cards shop; no MTG seen,nothing indexed
720tradingcards.com,no_mtg,unknown,pokemon_other,sports cards and Pokemon; no MTG seen,homepage mentions Pokemon no product page
732collectiblez.com,unknown,shopify,not_checked,Shopify collectibles store; MTG not seen,
757cards.gigabeans.com,mtg,unknown,pokemon_other,"hobby shop listing says it sells MTG, no sealed page seen",homepage mentions Pokemon sealed inquiry no product pages
7thinningsportscards.com,no_mtg,wix,no_pokemon,sports cards and Pokemon only,products page lists only sports cards and supplies
888collectibles.com,mtg,shopify,pokemon_other,"MTG singles collection product pages, no sealed page seen",about page says sells Pokemon no product pages
8thdimensioncomics.com,mtg,unknown,no_pokemon,MTG games page with booster packs and FNM but no product page seen,only about and comics pages indexed
901games.mysiteengine.com,no_mtg,unknown,pokemon_other,board game venue; only Lorcana and Pokemon events seen,Pokemon League events page only
a-cardstore.edan.io,no_mtg,unknown,unknown,"comic book store, no MTG seen",nothing indexed
aaacollectibles.com,no_mtg,unknown,no_pokemon,sports card and memorabilia store,homepage sports cards only no Pokemon seen
aacardscollectibles.net,unknown,unknown,not_checked,"nothing indexed for domain, Pokemon card shop listings",
abovethemetavt.com,mtg,unknown,pokemon_other,homepage says sells MTG no product pages,homepage mentions pokemon no product page
absolutelegendscs.com,unknown,unknown,not_checked,nothing indexed,
absolutesportscardsmn.com,no_mtg,unknown,no_pokemon,sports cards shop only,only supplies pages indexed no Pokemon
absolutesportsplus.com,no_mtg,unknown,unknown,licensed sports apparel and novelties,nothing indexed
accardworld.com,mtg,unknown,pokemon_other,"homepage mentions Magic the Gathering, no sealed product page seen",homepage says carries Pokemon no product pages
acesportscards.com,unknown,unknown,not_checked,nothing indexed for domain,
acutegames.com,mtg,unknown,unknown,"MTG draft and event pages, singles on TCGplayer, no sealed page seen",nothing indexed
acwcards.com,no_mtg,wix,no_pokemon,sports card hit boxes and breaks only,only sports group breaks indexed
advantagegames.co,mtg,unknown,pokemon_other,"game store with Magic team page, no sealed page seen",team page only mentions Pokemon
alabama.express,no_mtg,unknown,unknown,University of Alabama apparel store,nothing indexed
alexsmvp.com,mtg,wix,no_pokemon,"sells MTG packs per homepage, no sealed product page seen",sports cards page only no Pokemon seen
aliveagaingr.com,no_mtg,unknown,unknown,horror movies and collectibles store,nothing indexed
allinonecollectibles.com,mtg,unknown,pokemon_other,MTG singles and events pages only,pokemon info page no sealed product page
allprosportscards.com,no_mtg,unknown,unknown,sports card shop,nothing indexed
allsportscollectiblesmia.wordpress.com,no_mtg,wordpress,pokemon_other,"sports, Pokemon and Yu-Gi-Oh store info page, no MTG",homepage mentions Pokemon no product page
allstar-comics.com,mtg,unknown,pokemon_other,homepage says stocks MTG no product pages,buy sell list mentions pokemon sealed boxes no product page
allstarcardsinc.com,no_mtg,woocommerce,no_pokemon,vintage sports card product pages,only graded sports card product indexed
allstarscollectibles.com,mtg,unknown,pokemon_other,"MTG singles, boosters and boxes described, static pages no cart seen",MAGIC page mentions Pokemon boxes no product pages
alphawolfsportscards.godaddysites.com,no_mtg,godaddy,pokemon_other,sports cards and Pokemon,homepage mentions Pokemon no product page
amayabroscomics.com,no_mtg,unknown,pokemon_other,"comics and sports cards, Yugioh and Pokemon",homepage mentions Pokemon TCG selection
amercoins.com,no_mtg,unknown,unknown,coin dealer,nothing indexed
americandreams.cards,no_mtg,unknown,pokemon_other,sports cards plus Pokemon and One Piece,homepage mentions Pokemon and sealed wax no product page
amerlegends.com,no_mtg,unknown,pokemon_other,sports cards store,text says stocks Pokemon packs and tins no product page
annarborsportsshop.com,no_mtg,unknown,unknown,"sports memorabilia, physical shop closed",nothing indexed
anothercastlegames.com,no_mtg,wordpress,pokemon_other,video game and arcade store,Pokemon video game repair and release posts no sealed cards
arrowheadsportscards.com,no_mtg,unknown,unknown,"sports card shop, no MTG indexed",nothing indexed
artofsportskc.com,no_mtg,unknown,unknown,sports cards shop,nothing indexed
asteriskcollectibles.com,no_mtg,unknown,pokemon_other,"Pokemon, sports and One Piece cards",homepage mentions Pokemon cards no product page
astralcastle.com,mtg,unknown,no_pokemon,archive CCG lists mention MTG no sealed product page,ccg archive pages indexed no pokemon
athlonauthentics.com,mtg,unknown,pokemon_other,"store has Magic category, no sealed MTG product page seen",online store nav has Pokemon category but no Pokemon product seen
atjgameandhobby.com,unknown,unknown,not_checked,nothing indexed,
atlantic-cards.com,no_mtg,unknown,unknown,sports card business,nothing indexed
atomicgamingga.com,mtg,unknown,unknown,"Stockbridge GA game store buys and sells MTG, no sealed page seen",nothing indexed
attackofthebbcards.com,no_mtg,unknown,unknown,baseball and sports card products,nothing indexed
auburnsource.com,no_mtg,wix,unknown,Auburn sports memorabilia,nothing indexed
augustagolfcollectables.com,no_mtg,unknown,unknown,golf memorabilia,nothing indexed
autographworld.com,no_mtg,unknown,unknown,celebrity autographs,nothing indexed
avsportscards.com,no_mtg,unknown,unknown,sports cards and signed memorabilia,no results indexed
avzensports.com,no_mtg,unknown,no_pokemon,sports cards only,sports card site homepage only no pokemon seen
azlinscards.com,mtg,unknown,pokemon_other,"store page says carries Magic products, no sealed page seen",store page mentions Pokemon cards online ordering no sealed product page
backintimecollectibles.com,no_mtg,unknown,unknown,"toys, movie collectibles and video games",no results indexed
backyardbreaks.com,no_mtg,shopify,no_pokemon,sports card live breaks,indexed FAQ and blog only no pokemon products
badfasthobbies.com,no_mtg,unknown,unknown,RC hobby store,no results indexed
bakersfieldcardshop.com,no_mtg,unknown,pokemon_other,"sports, Pokemon and One Piece cards",homepage mentions Pokemon sealed no product page
bakersfieldsportscards.com,no_mtg,unknown,unknown,"sports and non-sports cards shop, no MTG indexed",no results indexed
ballcardinvestments.com,no_mtg,unknown,no_pokemon,sports card collection buyer,homepage only sports card buyer
bambooparkcards.com,unknown,unknown,not_checked,"card shop listing, nothing indexed on MTG",
banddsportscards.com,no_mtg,unknown,no_pokemon,sports cards and memorabilia,indexed supplies product page no pokemon
banditos.net,mtg,unknown,pokemon_other,"comic shop with MTG events and buys MTG, no sealed page seen",Pokemon TCG events page no product pages
banitaford.wixsite.com,mtg,wix,unknown,"Nerd Friendly game store mentions MTG, no sealed page seen",nothing indexed
baseballcardshop.net,no_mtg,unknown,pokemon_other,baseball cards only; one Hyborian Gates CCG page,Pokemon Non-Sports category page no sealed product page
basesloaded-fresno.com,mtg,unknown,pokemon_other,homepage mentions MTG boosters sells via eBay no product pages,store mentions pokemon boxes no pokemon product page
basesny.com,no_mtg,unknown,unknown,sports memorabilia store no MTG indexed,no results indexed
battlemaxxgaming.com,mtg,unknown,pokemon_other,homepage says Magic boxes and commander decks but no product page seen,homepage mentions Pokemon and boxes in stock no product page
bayoustatesportscards.com,mtg,unknown,unknown,MTG gaming events pages only,nothing indexed
bbcoutlet.com,no_mtg,unknown,unknown,sports memorabilia framed photos only,no results indexed
bcsportsva.com,no_mtg,cscart,unknown,sports memorabilia store no MTG,no results indexed
bcwcards.com,no_mtg,unknown,unknown,Baseball Card Warehouse sports cards,no results indexed
bearsinfayettville.tcgplayerpro.com,unknown,tcgplayerpro,not_checked,nothing indexed; Bears Games hobby store Fayetteville AR,
beckett.com,mtg,unknown,pokemon_other,news and price guide pages for MTG; not a sealed shop page,news articles and graded price guide only no sealed shop page
beechboyzcomics.com,mtg,unknown,pokemon_other,homepage and reviews mention MTG booster boxes; no product page seen,home and reviews mention Pokemon booster boxes but no product page
belkirkstamps.com,no_mtg,unknown,unknown,stamps coins comics shop Kirkland WA,no results indexed
bellbookandcomic.com,mtg,unknown,unknown,comic/game store carries MTG per listings; site not indexed,nothing indexed
bellsportsmarketing.com,no_mtg,unknown,unknown,sports memorabilia and autographs,no results indexed
berlinsportscards.com,unknown,unknown,not_checked,sports card shop Berlin MD; no MTG indexed,
bg2bg.com,mtg,unknown,pokemon_other,game store Canton OH MTG events; no product page seen,homepage mentions Paldea Evolved Pokemon available but no product page
bigboytoyslaf.com,no_mtg,unknown,no_pokemon,toy and hobby store; no MTG indexed,toy and hobby product pages no pokemon
bigbrothercomics.com,mtg,unknown,unknown,MTG events only,nothing indexed
billandbillysportscards.com,no_mtg,unknown,unknown,sports cards store,no results indexed
billspokestore.com,no_mtg,unknown,unknown,Pokemon store Akron OH,nothing indexed
billssportscollectibles.com,no_mtg,unknown,no_pokemon,sports cards and memorabilia only,homepage and apparel only no pokemon
billssportsmemorabilia.com,no_mtg,unknown,unknown,sports memorabilia item pages only,no results indexed
bit-wyvern.com,mtg,shopify,no_pokemon,MTG singles collections and products; no sealed page seen,only Cardfight Vanguard product page indexed
black-moon-games.com,mtg,unknown,pokemon_other,/shop page and MTG events no sealed product page seen,pokemon events only no product page
blackharborgaming.tcgplayerpro.com,mtg,tcgplayerpro,unknown,Largo FL store sells MTG via TCGplayer Pro storefront,nothing indexed
blastoffgaming.com,mtg,unknown,pokemon_other,mentions MTG Hobbit collector boxes no product page seen,store pages mention pokemon no product page
bleacherssports.com,no_mtg,unknown,no_pokemon,sports memorabilia framing and sports cards,sports cards page only no pokemon seen
bluecrabsportscards.com,mtg,unknown,pokemon_other,homepage lists Magic among singles and wax; no product page seen,homepage mentions Pokemon wax but no product page
bluegrassscm.com,no_mtg,unknown,unknown,sports cards and memorabilia,no results indexed
bluewave-mancave.square.site,no_mtg,square,unknown,autographed sports memorabilia and apparel only,no results indexed
bobbecksports.com,no_mtg,unknown,no_pokemon,vintage sports cards static site no MTG,homepage only sports wax no pokemon
boccollectibles.net,mtg,unknown,unknown,FL card shop lists Magic among games no sealed page indexed,nothing indexed
boisecardguys.com,unknown,unknown,not_checked,nothing indexed on site; sports card store,
boldo.com,mtg,unknown,pokemon_other,Boldo's Armory game shop stocks Magic boosters per results no product page,old Pokemon CCG info pages only
bookbrokercollectibles.com,mtg,unknown,pokemon_other,blog posts and page mentioning sealed; no product page,pokemon blog articles only
bookeryfantasy.com,no_mtg,unknown,unknown,comics and collectibles shop no MTG seen,no results indexed
boxseatcards.com,no_mtg,woocommerce,pokemon_other,sports cards and Pokemon shop no MTG seen,graded Pokemon singles only
bozemansportscards.com,no_mtg,unknown,pokemon_other,sports cards and Pokemon no MTG seen,homepage mentions Pokemon boosters no product page
breakingbadsportscards.com,no_mtg,shopify,unknown,sports cards and memorabilia only,no results indexed
breakingbinders.com,no_mtg,woocommerce,pokemon_other,custom card binder party business no MTG,Pokemon Edition card binder product not sealed
breakpoint.tcgplayerpro.com,unknown,unknown,not_checked,nothing indexed,
brentscardsandcoins.com,mtg,unknown,pokemon_other,local store mentions MTG cards no sealed product page,local shop site mentions Pokemon items but no sealed product page
brickhousecollectibles.com,mtg,unknown,pokemon_other,homepage lists MTG releases no product pages,homepage mentions pokemon release no product page
brickhousegaming.com,mtg,unknown,unknown,MTG singles only seen,nothing indexed
bridgeporthobby.com,no_mtg,unknown,unknown,sports card shop no MTG seen,no results indexed
brosts.com,unknown,unknown,not_checked,aquarium and game shop mentions collectible card games no MTG page,
bryansc.com,no_mtg,unknown,pokemon_other,sports Pokemon One Piece shop no MTG seen,about page mentions Pokemon no product page
bsbsportscollection.com,no_mtg,square,unknown,Pro Club apparel shop,no results indexed
bsidegame.com,mtg,unknown,pokemon_other,game store carries MTG boosters and commander decks per homepage no product page,homepage mentions Pokemon events no product page
buckssportscards.com,no_mtg,squarespace,pokemon_other,sports cards store no MTG seen,homepage mentions Pokemon and sealed boxes no product page
buggysbazaar.com,no_mtg,unknown,pokemon_other,sealed Pokemon One Piece Yu-Gi-Oh listed no MTG seen,homepage mentions sealed Pokemon no product page
bullpenburbank.com,mtg,unknown,no_pokemon,sports card shop also carries Magic per listings no sealed page,only homepage indexed with no Pokemon mention
bullpenfresno.com,mtg,unknown,pokemon_other,homepage mentions MTG no product pages,homepage mentions pokemon no product page
burtonbreaks.com,no_mtg,unknown,pokemon_other,sports cards and Pokemon no MTG seen,shop page mentions Pokemon boxes no product page
bussinorbustin.shop,mtg,shopify,pokemon_other,online TCG store mentions MTG boosters policy pages no product page,Shopify TCG shop sells booster boxes but no Pokemon product page seen
buyandsellchampionshiprings.com,no_mtg,woocommerce,no_pokemon,championship rings only,championship rings only
buyselltradecards.com,unknown,unknown,not_checked,nothing indexed on site,
bwabreaks.com,no_mtg,unknown,unknown,sports card breaks only,no results indexed
cajunbreaker.com,mtg,woocommerce,no_pokemon,personal boxes category mentions MTG and booster box pages for other TCGs no MTG product page,sports card break shop no Pokemon seen
candcsportcards.com,no_mtg,unknown,unknown,sports cards shop homepage only,no results indexed
candjcards.com,no_mtg,unknown,no_pokemon,sports/trading cards homepage no MTG seen,homepage and category pages only mentions trading card games
canoncollectibles.com,no_mtg,unknown,unknown,sports card and memorabilia house,no results indexed
cantongames.com,mtg,wix,pokemon_other,collectible games page and events; no sealed product page seen,only pokemon video game trade-in mention
capeandcowlcollectibles.com,no_mtg,unknown,unknown,toys and collectibles store,no results indexed
capesportscards.com,no_mtg,unknown,no_pokemon,sports cards and hobby boxes,sports collection pages only no pokemon
cardboxllc.com,mtg,unknown,pokemon_other,homepage says booster boxes and collector boosters no product page,homepage describes pokemon booster boxes and ETBs no product page
cardcavecentral.com,mtg,unknown,no_pokemon,homepage mentions MTG grading and hobby boxes,homepage only about PSA grading and hobby boxes no Pokemon seen
cardcentertx.com,mtg,unknown,unknown,singles and sealed product mentioned no MTG page,nothing indexed
cardculture.shop,no_mtg,shopify,pokemon_other,Pokemon and sports cards,homepage mentions Pokemon booster products no product page
cardfatherlive.com,no_mtg,shopify,no_pokemon,toploader supplies only,toploader supplies page only
cardfinitytcg.com,no_mtg,unknown,unknown,Pokemon One Piece Gundam leagues no MTG seen,nothing indexed
cardfoxgames.com,mtg,unknown,pokemon_other,homepage lists Magic the Gathering,homepage mentions Pokemon but no product page
cardgamecoliseum.tcgplayerpro.com,mtg,tcgplayerpro,unknown,Santa Ana store carries MTG via TCGplayer,nothing indexed
cardkast.shop,no_mtg,unknown,unknown,sports cards and memorabilia,no results indexed
cardmonsterwest.tcgplayerpro.com,mtg,tcgplayerpro,unknown,TCGplayer Direct seller hobby shop,nothing indexed
cardproblems.com,no_mtg,unknown,unknown,Pokemon card shop Eugene,nothing indexed
cardsandcoffee.com,no_mtg,shopify,pokemon_other,sports cards franchise,homepage mentions The Poke Breakers Pokemon brand no product page
cardsnhobbypdx.com,mtg,unknown,unknown,Portland shop TCG grading no sealed page,nothing indexed
cardswarm.com,mtg,shopify,pokemon_other,buys sells MTG; collections/all page no sealed seen,homepage says buys sells Pokemon cards no product page
cardtablerepublic.com,no_mtg,unknown,unknown,board game lounge and rentals,no results indexed
cardtradersaustin.com,mtg,unknown,pokemon_other,Austin shop deals in MTG hobby boxes,homepage mentions Pokemon hobby boxes no product page
cardvaultdsm.com,mtg,unknown,unknown,homepage lists Magic cards,nothing indexed
carlscards.com,no_mtg,woocommerce,pokemon_other,autographed cards and collectibles,advent calendar product page includes Pokemon packs only
carterssportscards.com,no_mtg,unknown,pokemon_other,sports and Pokemon cards,homepage mentions Pokemon no product page
cascollectibles.com,unknown,unknown,not_checked,nothing indexed,
cash4collectibles.net,no_mtg,unknown,unknown,sports memorabilia store,nothing indexed
casterscardclub.tcgplayerpro.com,mtg,tcgplayerpro,unknown,Richland WA shop welcomes Magic players,nothing indexed
casualdecks.com,mtg,unknown,pokemon_other,"Bellevue WA LGS, MTG singles and sealed mentioned, no product page seen",homepage mentions Pokemon and sealed product no product page
cataclysmgames.tcgplayerpro.com,mtg,unknown,pokemon_other,"Machesney Park IL store stocks MTG, subdomain not indexed",Pokemon single card catalog pages only
catchemallcardscollectiblessc.com,mtg,unknown,pokemon_other,Pokemon and sports focus; MTG only mentioned,pokemon info pages and categories no product page seen
cavernsandforests.com,mtg,unknown,no_pokemon,homepage mentions play boosters in-store pickup no product page,homepage indexed mtg only
cbcg.tcgplayerpro.com,unknown,unknown,not_checked,nothing indexed,
ccdiehards.com,no_mtg,unknown,unknown,sports card breaks and memorabilia shop,nothing indexed
ccssportscards.com,no_mtg,unknown,pokemon_other,sports cards wax and slabs,Pokemon graded slab listing no sealed page
centralcardshop.com,no_mtg,unknown,unknown,sports card breaks shop,nothing indexed
centralsportscards.com,no_mtg,unknown,no_pokemon,sports cards and memorabilia,only homepage indexed sports cards
centre-city-sports-collectibles.ueniweb.com,no_mtg,unknown,no_pokemon,sports and non-sports cards hobby boxes no MTG seen,only homepage indexed no Pokemon seen
championshipcards.net,no_mtg,unknown,unknown,Emmaus PA sports cards and Pokemon shop,nothing indexed
champscards.com,no_mtg,unknown,pokemon_other,sports card retailer,homepage says they deal in Pokemon boxes and sealed but no product page
chaosgamesnwa.tcgplayerpro.com,mtg,unknown,unknown,"Lowell AR tabletop and TCG store, no MTG page indexed",nothing indexed
checkmategames.net,mtg,unknown,pokemon_other,products page singles and MTG events no sealed seen,pokemon events and order forms no product page
chicagolandgames.com,mtg,wix,pokemon_other,shop page MTG singles and events no sealed product page,shop page mentions pokemon preorders no product page
chromaticdragongames.com,mtg,unknown,unknown,"MagicTheGathering section page, no product pages seen",nothing indexed
chronoandcosmo.com,mtg,unknown,unknown,"Fontana CA TCG shop with MTG events, no product page seen",nothing indexed
chronosgg.com,mtg,unknown,pokemon_other,"Beaverton OR store with TCG/CCG shop at shop.chronosgg.com, MTG events",event page mentions Pokemon locals no product page
clarksvillesportscards.com,no_mtg,unknown,pokemon_other,sports cards and collectibles,homepage mentions Pokemon boxes and singles no product page
classic-collectables.edan.io,no_mtg,unknown,pokemon_other,sportscards and collectables store,only homepage and reviews mention Pokemon packs
claycollects.com,no_mtg,unknown,pokemon_other,Pokemon cards shop,Pokemon card shop pages no sealed product page
clesportscollectiblesoh.com,no_mtg,unknown,no_pokemon,sports cards and collectibles store,only sell-us page indexed sports memorabilia
cleverbaysportsandgaming.com,mtg,unknown,pokemon_other,"MTG mentioned, card breaks; no sealed product page",trading card page mentions pokemon no product page
cloudcollectibles.my.canva.site,mtg,unknown,pokemon_other,"Canva site, buys sells MTG, no product pages",Canva homepage mentions Pokemon cards no shop pages
cmcardhaven.com,mtg,unknown,pokemon_other,"Vero Beach FL TCG shop, sealed mentioned, no product page seen",homepage mentions Pokemon sealed products no product page
coastalcardsdtsp.com,mtg,unknown,pokemon_other,"St Petersburg FL events with MTG vendors, no product page",homepage mentions Pokemon events and vendors no product page
coastalrcspeedway.com,mtg,unknown,no_pokemon,"RC hobby shop with Play Magic page, boosters mentioned, no product pages",RC hobby shop with generic TCG pages no Pokemon seen
coins-n-cards.hub.biz,no_mtg,unknown,unknown,Butte MT sports cards listing page,nothing indexed
coliseumcardco.tcgplayerpro.com,mtg,unknown,unknown,"Metairie LA TCG shop carries MTG, subdomain not indexed",nothing indexed
collect702.com,no_mtg,unknown,unknown,sports cards eBay seller,nothing indexed
collectemagainwaco.com,no_mtg,unknown,unknown,sports cards Pokemon vintage toys shop; no MTG seen,nothing indexed
collectiblebuyers.com,mtg,unknown,pokemon_other,"Duluth MN buyer mentions MTG, no shop pages",buys Pokemon cards no sealed product page
collectiblecardsbellflower.com,unknown,unknown,not_checked,"Bellflower CA trading card store, no MTG specifics indexed",
collectivelnk.tcgplayerpro.com,mtg,unknown,unknown,"Lincoln NE card shop with weekly Magic events, no sealed page seen",nothing indexed
collectomaniacs.com,mtg,unknown,no_pokemon,products page and MTG tournaments no sealed product page,homepage indexed no pokemon seen
collectormaniaparker.com,mtg,unknown,unknown,"Parker CO game store with Magic drafts, no product pages indexed",nothing indexed
collectorparadise.com,unknown,unknown,not_checked,domain not indexed,
collectors-hangout.com,mtg,unknown,pokemon_other,"Norwalk OH shop carries MTG, no sealed product page seen",Pokemon page mentions elite trainer boxes but no product page
collectorsattic.com,no_mtg,unknown,unknown,sports memorabilia and championship rings,nothing indexed
collectorsboxde.com,mtg,unknown,pokemon_other,"Newark DE card shop stocks MTG, no product page seen",homepage mentions Pokemon ETBs no product page
collectorscornernw.com,mtg,shopify,pokemon_other,"carries MTG per site, shop subdomain with /products/ but no MTG sealed page seen",homepage says carries Pokemon; no sealed product page seen
comic-figure-addicts.square.site,unknown,square,not_checked,nothing indexed on domain,
comic4ce.com,mtg,unknown,pokemon_other,comic shop MTG buy/trade page no sealed product page,homepage mentions pokemon no product page
comiccosmiccollectivesandgames.com,mtg,unknown,unknown,"Bowie MD comic and game store, no product pages",nothing indexed
comicgrapevinelodi.com,mtg,unknown,unknown,"Lodi CA comic shop sells MTG cards, no product pages",nothing indexed
comicworldandgames.com,mtg,unknown,no_pokemon,card-games page says sealed sold; no product page seen,only MTG card-games page indexed
comixcitytoo.com,mtg,unknown,no_pokemon,MTG events only,homepage and MTG sealed article only
commandercomplete.com,mtg,shopify,no_pokemon,custom commander decks /products/ but no sealed product,MTG commander deck product pages only
commandergameslv.com,mtg,unknown,pokemon_other,homepage says packs and sets; no product pages,homepage title lists Pokemon but no product page
completecollectibles.net,no_mtg,unknown,unknown,Pokemon Digimon Dragon Ball only,nothing indexed
coolcomicsandgames.com,mtg,unknown,pokemon_other,homepage mentions sealed MTG no product pages,homepage mentions Pokemon cards no product page
coopersportscollectibles.com,no_mtg,unknown,unknown,sports memorabilia and cards,nothing indexed
coopersvillecardvault.com,mtg,wix,pokemon_other,"sports card shop, MTG only mentioned",mentions Pokemon cards and packs; no sealed product page
coops907.square.site,unknown,square,not_checked,nothing indexed,
cosmiccardshop.net,no_mtg,unknown,unknown,sports cards and Pokemon shop; no MTG seen,nothing indexed
cosmiccollectibles53566.com,mtg,unknown,pokemon_other,"sanctioned MTG events and prereleases, no product pages",Pokemon TCG events page only
counterspellgames.com,unknown,unknown,not_checked,domain not indexed,
crashnbashhobbies.com,no_mtg,unknown,unknown,RC hobby shop,nothing indexed
critical-hit.com,mtg,unknown,pokemon_other,singles via TCGPlayer and events; no sealed product page,singles stock page mentions Pokemon no sealed page
crockssports.com,no_mtg,unknown,unknown,sports cards Pokemon Funko no MTG,nothing indexed
crownsportsauction.com,no_mtg,unknown,no_pokemon,sports memorabilia auction only,auction lots indexed sports memorabilia only
crowntowngames.com,mtg,shopify,unknown,singles only /products/ pages,nothing indexed
crtreasurechest.com,no_mtg,unknown,pokemon_other,antique and toy resale store in Cedar Rapids,homepage says carries Pokemon CCG no product page
crunchtimesportsnc.com,no_mtg,unknown,unknown,sports cards and Pokemon,nothing indexed
ctshobbies.com,mtg,unknown,unknown,MTG events only,nothing indexed
cusecollectables.com,no_mtg,unknown,pokemon_other,Pokemon Yu-Gi-Oh sports cards shop,online Pokemon shop homepage no sealed product page seen
dabbersgamingcafe.com,mtg,unknown,pokemon_other,"Norcross GA card store with Magic singles, no sealed page seen",homepage mentions Pokemon; no product pages
dakotagamingsupply.com,mtg,unknown,no_pokemon,"Bismarck ND hobby store buys sells Magic, no product pages","only homepage indexed, no Pokemon seen"
dalezkardz.com,mtg,unknown,pokemon_other,"Colorado Springs shop with Magic events page, no sealed page",Pokemon pages and tournaments; no sealed product page
darkstar-hobbies.com,unknown,unknown,not_checked,"hobby shop, MTG not confirmed",
darktowerlgs.com,mtg,unknown,no_pokemon,homepage mentions MTG no product pages,only unrelated Roblox blog post indexed
davesportscards.com,no_mtg,unknown,pokemon_other,sports cards shop; MTG listed coming soon,Pokemon page says stocks booster boxes and ETBs no product page
deanscards.com,no_mtg,unknown,unknown,vintage baseball and sports cards,nothing indexed
deltacardshop.com,mtg,unknown,pokemon_other,"local game store carries MTG, online store coming soon",mentions Pokemon; online store coming soon
descentintogaming.com,mtg,unknown,pokemon_other,MTG events only,homepage mentions Pokemon no product page
deseretcollectables.com,mtg,unknown,pokemon_other,"coin and card firm sells MTG singles, no sealed page seen",homepage lists pokemon cards; no sealed page
destinationanimestore.square.site,no_mtg,square,unknown,anime figures and merchandise store,nothing indexed
destinationtcg.com,no_mtg,unknown,pokemon_other,Pokemon cards shop in Baytown TX,homepage mentions sealed no product page
destinysendgamesandhobbies.com,mtg,shopify,pokemon_other,"MTG singles product pages, no sealed seen",Pokemon singles product pages only
detroitsportscards.com,no_mtg,unknown,unknown,sports cards singles and wax,nothing indexed
discheroesllc.com,mtg,unknown,unknown,homepage says singles and packs; no product pages,nothing indexed
discreplay.com,mtg,unknown,pokemon_other,"used game chain buys sells Magic at some locations, no sealed page",buys and sells Pokemon cards; no sealed product page
diversionsgames.com,mtg,unknown,pokemon_other,MTG draft and prerelease event pages only,Pokemon prerelease event and preorder pages; no sealed product page
divinerealmllc.com,unknown,unknown,not_checked,"Elyria OH collectibles store, no site pages indexed",
dj-collectibles.com,mtg,unknown,unknown,"Glendale AZ shop lists MTG, site not indexed",nothing indexed
dndscollectables.com,unknown,wix,not_checked,"ambiguous business, nothing indexed on domain",
dogsofwargaming.square.site,unknown,square,not_checked,"Palm Bay FL wargaming store, MTG not confirmed",
dogtowncollectibles.com,no_mtg,unknown,unknown,St Louis sports memorabilia and framing,nothing indexed
doubleplaysportscards.com,unknown,unknown,not_checked,"Corpus Christi cards and comics shop, site not indexed",
dragonparlorgames.com,mtg,unknown,pokemon_other,"MTG events prereleases and allocation info pages, no shop product pages",Pokemon tins and league pages; no sealed product page
dragonsguildhall.biz,mtg,unknown,pokemon_other,local game store with Magic events but no product pages seen,homepage says carries Pokemon; no product pages
dragonshaunt.com,mtg,unknown,pokemon_other,carries MTG per about page but no product pages seen,homepage lists Pokemon; no product pages
dragonshqfw.com,mtg,unknown,pokemon_other,pages say sealed carried; no product pages,site pages mention Pokemon boosters and ETBs no product page
dragonslayergames.tcgplayerpro.com,mtg,unknown,unknown,Tulsa store hosts MTG events; no product pages indexed,nothing indexed
drum-pepper-m3jp.squarespace.com,no_mtg,squarespace,unknown,JJ Collectibles video games toys legos only,nothing indexed
duelingland.square.site,mtg,square,pokemon_other,homepage says carries MTG and takes preorders but no product pages seen,homepage lists Pokemon and preorders; no product page
e-c-gaming.weebly.com,mtg,weebly,pokemon_other,homepage only mentions MTG Cary NC,homepage mentions Pokemon TCG no product page
eandksportscards.com,mtg,woocommerce,pokemon_other,shop lists MTG among sports cards; no sealed page seen,Pokemon category and personal boxes; no sealed page seen
eastcarolinacollectibles.com,mtg,unknown,pokemon_other,buys and sells MTG; no sealed product page seen,buys Pokemon sealed and cards; no sale product pages
eastcoastcollectibles.shop,mtg,shopify,pokemon_other,MTG collection coming soon,homepage says Pokemon coming soon
edscardshop.com,mtg,unknown,pokemon_other,Nevada MO shop sells MTG cards; no sealed page seen,homepage says carries Pokemon cards no product page
effortlex.com,no_mtg,wix,pokemon_other,Pokemon and Yu-Gi-Oh graded cards only,graded Pokemon singles only
elfnmoon.com,mtg,unknown,unknown,RPG store with MTG Commander events only,nothing indexed
elite-memorabilia.com,no_mtg,unknown,unknown,sports memorabilia graded cards,nothing indexed
elite-sportscards.edan.io,no_mtg,unknown,no_pokemon,sports cards store Massillon OH,only homepage indexed sports cards
elitecardsandcollects.com,unknown,unknown,not_checked,nothing indexed on site,
elitesportscardsandcomics.com,unknown,unknown,not_checked,Chicago shop gaming cards; no MTG pages indexed,
elitesportscardsandcomics2.com,unknown,unknown,not_checked,Chicago shop gaming cards; no MTG pages indexed,
elpasocollectiblestradingcardsandmorellc.us,unknown,unknown,not_checked,El Paso sport and nonsport cards; nothing indexed on MTG,
empirememorabilia.com,no_mtg,wix,unknown,sports memorabilia and printing,nothing indexed
end-zone-hobby-center.edan.io,mtg,unknown,unknown,Clearfield UT hobby store lists Magic The Gathering; no sealed page seen,nothing indexed
endzonecollectibles.com,no_mtg,woocommerce,pokemon_other,sports cards and supplies shop,article mentions Pokemon cards; shop pages are accessories only
enlighteningmindsgaming.com,mtg,unknown,pokemon_other,draft events only no shop pages,homepage lists Pokemon no product page
enterprisegames.com,no_mtg,unknown,no_pokemon,board wargames only,only condition guide and product list pages indexed no Pokemon seen
entertainmart.com,mtg,unknown,pokemon_other,Vintage Stock online store; game cards mentioned no MTG sealed page seen,only Pokemon video game pages
epiccardquest.com,no_mtg,shopify,pokemon_other,Pokemon cards only,singles and pull box only
esco753sports.com,no_mtg,unknown,unknown,sports memorabilia San Diego,nothing indexed
estatesportscollectibles.com,no_mtg,unknown,unknown,sports cards and memorabilia buyer,nothing indexed
eternalgamesllc.com,mtg,unknown,pokemon_other,Warren MI game store MTG events only,Pokemon events page only
euphiescc.com,unknown,ecwid,not_checked,board games and supplies; no MTG pages indexed,
evolutionempiretcg.com,no_mtg,unknown,pokemon_other,Pokemon only store,homepage mentions sealed but no product page seen
evolutionstradingllc.tcgplayerpro.com,mtg,unknown,unknown,Killeen TX hobby store sells Pokemon and Magic; no product pages indexed,nothing indexed
excaliburalaska.com,no_mtg,shopify,unknown,licensed sports apparel store,nothing indexed
ezgamingllc.tcgplayerpro.com,mtg,unknown,unknown,Greensboro NC TCG store sells MTG; no product pages indexed,nothing indexed
fabledgamingtcg.tcgplayerpro.com,mtg,unknown,unknown,West Jordan UT store sells MTG singles; no product pages indexed,nothing indexed
familycag.com,mtg,unknown,pokemon_other,Broward hobby shop MTG Commander events; no sealed page seen,homepage and events mention Pokemon no product page
famousfacesandfunnies.com,no_mtg,unknown,unknown,comic book and toy store,nothing indexed
fancaveindy.com,unknown,unknown,not_checked,Indianapolis card shop focused on Pokemon; no MTG pages indexed,
fansonlysportscards.com,no_mtg,unknown,pokemon_other,sports cards shop Lees Summit,homepage features Pokemon release no product page
fantasticrealmz.tcgplayerpro.com,unknown,unknown,not_checked,Fairbanks hobby shop TCG; no MTG pages indexed,
farharborgamingllc.com,mtg,unknown,unknown,game store getting into MTG; no sealed page seen,nothing indexed
fastbreaksportsfanshq.com,no_mtg,unknown,no_pokemon,sports cards and supplies,only cards and supplies page indexed no Pokemon seen
fatkatzsportscards.com,mtg,unknown,unknown,store carries Magic and Yu-Gi-Oh; site under construction,nothing indexed
fatpackscards.com,unknown,unknown,not_checked,nothing indexed on site,
fenjet-sports-cards.shop,no_mtg,unknown,unknown,sports card shop Fair Lawn NJ,nothing indexed
fenrisgaminghall.com,mtg,unknown,unknown,marketing site for Hagerstown store; offers MTG; no sealed page seen,nothing indexed
fieldofdreamstexas.com,no_mtg,unknown,unknown,sports memorabilia store Frisco TX,nothing indexed
final-form.shop,mtg,shopify,unknown,Dallas card store sells MTG sealed per snippets but no product page seen,nothing indexed
findsanddivesshop.com,unknown,unknown,not_checked,collectibles shop with Pokemon booster product; no MTG seen,
firstturngamescedarrapids.com,mtg,unknown,pokemon_other,homepage mentions MTG and drafts only,FAQ mentions Pokemon no product page
floth.vercel.app,mtg,unknown,pokemon_other,homepage lists MTG booster packs and hobby boxes categories but no product page seen,homepage mentions booster boxes ETBs no product page
fordscards.com,unknown,unknown,not_checked,nothing indexed,
fortressofgaming.com,unknown,wix,not_checked,only home and code of conduct indexed no MTG,
franklinsportscards.com,no_mtg,unknown,pokemon_other,"sports cards store Franklin MA, no MTG seen",about page mentions sealed and sister Pokemon store no product page
frankscoolstuff.net,mtg,unknown,pokemon_other,"comics/anime shop Salem VA, homepage mentions MTG boosters no product page",homepage lists Pokemon no product page
freddyssportscards.com,no_mtg,square,unknown,"sports cards El Paso, /products/ols/all no MTG",nothing indexed
frgcollectibles.tcgplayerpro.com,mtg,tcgplayerpro,unknown,"TCGplayer pro seller storefront sells MTG, no sealed page seen",nothing indexed
frissongaming.org,mtg,shopify,unknown,local game store Clearfield UT mentions MTG; only board game product pages seen,nothing indexed
fromthevaultgames.com,mtg,unknown,unknown,"MTG store homepage only, no shop pages",nothing indexed
funstopinc.com,mtg,unknown,unknown,"Trumbull CT collectibles store lists MTG, no product page seen",nothing indexed
gainesvillecollectibles.myshopify.com,no_mtg,shopify,unknown,"antiques coins comics shop, no MTG seen",nothing indexed
gajominis.com,no_mtg,unknown,no_pokemon,"miniatures wargaming store Sandy UT, static pages no MTG seen",miniatures and hobby books only
galactictradingchi.com,mtg,unknown,pokemon_other,homepage mentions booster boxes but no product page indexed,homepage mentions Pokemon booster boxes and ETBs no product page
galaxygaming-htx.com,mtg,unknown,pokemon_other,"Houston card shop homepage lists MTG, no product page seen",homepage says carries Pokemon no product page
gambithobby.com,mtg,woocommerce,pokemon_other,"Livonia MI card shop, MTG pauper draft event page, no sealed page",homepage and events mention Pokemon no product page
game-chest.shoplightspeed.com,no_mtg,lightspeed,no_pokemon,"Sioux Falls game store Lorcana and CookieRun products, no MTG seen",indexed shop shows CookieRun TCG only
gamechangercards.com,no_mtg,unknown,unknown,sports cards seller Moorhead MN,nothing indexed
gamecornersj.square.site,mtg,square,pokemon_other,"Square site with MTG category, no sealed product page seen",homepage mentions Pokemon no product page
gamedaysportsmemorabilia.com,no_mtg,shopify,no_pokemon,autographed sports memorabilia,autographed sports memorabilia only
gamedepotaz.com,mtg,unknown,unknown,"Tempe game store carries MTG, no shop pages indexed",nothing indexed
gameempirepasadena.com,mtg,unknown,no_pokemon,MTG draft events and trade-ins pages only,only trade-ins page indexed no Pokemon
gamehavenstg.com,mtg,unknown,pokemon_other,"St George UT game store homepage mentions MTG boosters, no product page",homepage mentions Pokemon and booster packs no product page
gamenuttopeka.tcgplayerpro.com,mtg,tcgplayerpro,unknown,"Topeka hobby shop TCGplayer seller, nothing indexed on site",nothing indexed
gameonri.com,mtg,unknown,unknown,"Warwick RI game store hosts MTG events, no shop pages",nothing indexed
gamergearllc.com,mtg,unknown,pokemon_other,Homepage mentions MTG sealed but no product page seen,homepage mentions Pokemon sealed product no product page
gamersarmory.com,mtg,unknown,pokemon_other,"MTG draft events, catalog is accessories and wargame packs",events page mentions Pokemon no sealed product page
gamersguildboulder.com,mtg,unknown,no_pokemon,"Boulder store sells MTG packs and singles per homepage, league page, no product page",indexed homepage and league page no Pokemon
gamershavenco.com,mtg,unknown,pokemon_other,"Colorado Springs store has MTG CCG page, no sealed product page seen",Pokemon CCG category page no sealed product page
gamershq.com,no_mtg,unknown,pokemon_other,"video game and Pokemon store, no MTG seen",pokemon section mentions booster boxes but no sealed product page
gamerslinkgames.com,mtg,unknown,unknown,"Homepage only, MTG Pokemon YuGiOh store",nothing indexed
gamerworld.us,no_mtg,woocommerce,unknown,"gaming gear and repair store /product/ pages, no MTG seen",nothing indexed
games4lessfl.com,no_mtg,unknown,unknown,"video game store since 1994, no MTG seen",nothing indexed
gamesbyjames.com,mtg,custom,pokemon_other,"MTG.php catalog gallery, site says in-store inventory only",in-store gallery only does not sell online
gamesforfun.com,no_mtg,woocommerce,no_pokemon,Billiards and game room equipment retailer,billiards and game room products only
gamesirl.com,mtg,unknown,pokemon_other,"MTG draft and event schedule pages, no shop pages",Pokemon event and format pages no sealed product
gamesoffremont.com,mtg,unknown,pokemon_other,"Homepage says MTG singles packs accessories, no product page seen",homepage mentions Pokemon singles and packs no product page
gamespluswa.net,mtg,unknown,unknown,"WA game store with MTG prerelease event pages, no product pages",nothing indexed
gamesroomhq.com,no_mtg,shopify,unknown,Pool tables and game room equipment only,nothing indexed
gametheoryak.com,mtg,unknown,pokemon_other,"MTG events and prereleases only, no shop pages",Pokemon events mentioned no product page
gametimeauthentics.com,unknown,unknown,not_checked,nothing indexed,
gametimefanstore.com,unknown,unknown,not_checked,nothing indexed,
gametimehobbies.com,mtg,unknown,no_pokemon,"Auburn AL store weekly update mentions MTG booster boxes on sale, no shop pages",only MTG weekly update page indexed
gametopiaroc.com,mtg,unknown,no_pokemon,"MTG singles page and games page, no sealed product page seen",only MTG singles page indexed
gamingwithdragons.com,mtg,unknown,unknown,"Stockton CA store MTG commander events, no shop pages",nothing indexed
gatewaygamesak.square.site,mtg,square,unknown,"Ketchikan AK store homepage lists MTG, no product pages indexed",nothing indexed
gatherandgamestore.com,mtg,squarespace,pokemon_other,"Buffalo game store stocks MTG per snippet, no MTG product page seen",homepage says stocks Pokemon no product page
gccsm.com,mtg,unknown,unknown,"Gulf Coast Cards sports memorabilia and Magic cards per listing, no product page",nothing indexed
geekerygamesstore.shop,mtg,unknown,pokemon_other,"Flagstaff store homepage lists MTG and sealed, no product page seen",homepage title lists Pokemon no product page
geekroomgames.com,mtg,wordpress,pokemon_other,"Omaha store with MTG event pages, no product pages",Pokemon league and in-store play event pages no sealed product
geekshack.shop,mtg,unknown,unknown,"Las Cruces store online inventory mentions MTG, no product page indexed",nothing indexed
gemmint.com,no_mtg,unknown,unknown,"PSA grading submission dealer and card shows, no MTG",nothing indexed
gemminttwinssportscards.com,no_mtg,unknown,pokemon_other,"sports cards and Pokemon store, no MTG seen",homepage mentions Pokemon only
generationotaku.wixsite.com,no_mtg,wix,unknown,"anime store Wilmington DE, no MTG seen",nothing indexed
generationsportscards.com,no_mtg,unknown,pokemon_other,"Muncie IN sports card shop, sealed wax sports only",homepage mentions Pokemon sealed but no product page
genesiscomicsandgaming.com,mtg,unknown,pokemon_other,"Homepage says MTG singles and sealed in store, no product page seen",homepage mentions Pokemon sealed no product page
getexcitedcc.com,mtg,unknown,pokemon_other,"Billings MT shop trading card shop page mentions MTG, no product pages",tournament page mentions Pokemon no product page
getsomegame.com,mtg,crystalcommerce,pokemon_other,"Catalog with MTG singles and promos, no sealed product page seen",homepage mentions Pokemon sealed category no product page
getyourfunon.com,mtg,woocommerce,pokemon_other,"Melbourne FL shop product pages MTG minis deckboxes sleeves singles, no sealed seen",Pokemon deckbox and binder accessories only
gizmossportscards.com,no_mtg,unknown,no_pokemon,"sports cards and memorabilia, no MTG seen",indexed sports cards pages only
goldrushnh.com,no_mtg,unknown,unknown,coin and jewelry shop Dover NH,nothing indexed
goosepoopgames.com,no_mtg,shopify,unknown,"indie RPG publisher /products/ pages, no MTG",nothing indexed
gotccardsandgaming.com,mtg,unknown,unknown,"Monroeville PA store MTG draft and FNM event listings, no product pages",nothing indexed
gottagetemcollectables.tcgplayerpro.com,mtg,tcgplayerpro,unknown,"Virginia Beach TCGplayer Pro storefront, nothing indexed on site",nothing indexed
groundzerocomicsandcards.com,mtg,unknown,no_pokemon,homepage says MTG singles; no sealed page,homepage only MTG singles and comics
grovewarden.games,mtg,unknown,pokemon_other,"Shop page and homepage mention MTG sealed, no product page seen",shop page mentions Pokemon on shelves no product page
habithobbyshop.com,unknown,unknown,not_checked,Nothing indexed for site,
hadleyscoins.com,no_mtg,unknown,pokemon_other,sports cards Pokemon coins only,homepage mentions Pokemon cards no sealed product page
hahaanimeandgames.com,unknown,unknown,not_checked,nothing indexed,
halloffamecollectiblesmesa.com,no_mtg,unknown,pokemon_other,sports memorabilia Pokemon Funko only,store sells Pokemon but no sealed product page indexed
hasbeentoysandcomics.com,no_mtg,unknown,no_pokemon,toys and comics only,only homepage indexed with no Pokemon mention
hearthside.games,mtg,unknown,unknown,WotC store with events and singles; no sealed page seen,nothing indexed
herbscoinshop.com,mtg,wordpress,unknown,Magic page mentions booster boxes but no product page,nothing indexed
heroesandhorrorsgames.com,mtg,wordpress,pokemon_other,MTG prerelease and event pages only,Pokemon open play event page no product page
heroesandvillains.shop,mtg,shopify,pokemon_other,"Homepage lists Magic cards, no sealed product page seen",homepage mentions Pokemon cards no product page
herosjourneycardshop.com,mtg,unknown,pokemon_other,homepage mentions MTG singles and sealed; no product page,homepage mentions Pokemon packs and singles no product page
hextechsupply.com,no_mtg,shopify,unknown,Shopify apparel-type store no MTG seen,nothing indexed
heywannaplay.com,mtg,crystalcommerce,unknown,game store with CrystalCommerce site; no sealed page seen,nothing indexed
hi5cardsandcollectibles.com,no_mtg,woocommerce,pokemon_other,sports and Pokemon cards only,Pokemon blog posts and graded card page only
hiddengemsportsnj.com,no_mtg,unknown,no_pokemon,sports cards only,sports card product pages only
hiddentcgcards.com,no_mtg,unknown,pokemon_other,Pokemon focused shop,homepage says sells booster packs and sealed products no product page
hightidesports.com,no_mtg,unknown,unknown,Alabama Auburn apparel store,nothing indexed
hilltopcsc.com,no_mtg,unknown,pokemon_other,comics and sports cards no MTG seen,about page says inventory includes Pokemon but no product page
hitsandholos.com,mtg,unknown,unknown,store sells Magic per listings; site not indexed,nothing indexed
hobby-hole.com,mtg,unknown,pokemon_other,"Shop has MTG playmat product, events, no sealed page seen",homepage and events mention Pokemon no product page
hobbybunker.com,mtg,unknown,unknown,MTG events and prereleases; no sealed product page seen,nothing indexed
hobbyetc.com,no_mtg,unknown,no_pokemon,RC hobby store parts only,RC model parts store only
hobbylegends.com,mtg,unknown,pokemon_other,shop lists Magic among TCGs; no sealed page seen,homepage mentions Pokemon no product page
hobbyri.com,no_mtg,unknown,unknown,model trains and plastic models hobby shop,nothing indexed
hobbytowntomsriver.com,no_mtg,unknown,unknown,RC and toy hobby store no MTG seen,nothing indexed
hobiihouse.com,mtg,unknown,pokemon_other,"Cincinnati TCG shop homepage lists MTG sealed, no product page seen",homepage mentions Pokemon sealed and ETBs no product page
hocardsleb.wixsite.com,mtg,wix,unknown,House of Cards Lebanon sells MTG; wix shop; no sealed page seen,nothing indexed
homeoftheslabs.com,no_mtg,unknown,pokemon_other,sports and Pokemon cards only,homepage mentions Pokemon packs and boxes no product page
homercollectibles.com,no_mtg,unknown,unknown,custom mini helmets and decals,nothing indexed
hometeamcollectibles.com,no_mtg,unknown,unknown,sports cards and Pokemon Lorcana only,nothing indexed
hometeamsportzne.com,no_mtg,unknown,unknown,sports cards and memorabilia only,nothing indexed
hometownhuddlellc.square.site,no_mtg,square,unknown,basketball card retail boxes only,nothing indexed
hoodie-cat.com,no_mtg,unknown,unknown,comics shop; no MTG seen,nothing indexed
hotcorner315sportscard.com,no_mtg,unknown,pokemon_other,sports cards and Pokemon sealed,homepage mentions Pokemon memorabilia only
hotcornercollectibles.com,no_mtg,unknown,unknown,vintage sports cards and postcards,nothing indexed
hotcornersportscards.com,no_mtg,unknown,no_pokemon,sports cards only,homepage sports cards only no Pokemon seen
hothandsportscards.square.site,mtg,square,unknown,shop listings say it carries MTG; no sealed page seen,nothing indexed
housedividedsportscards.com,no_mtg,unknown,no_pokemon,sports cards Funko pins; no MTG seen,indexed product page is FiGPiN pin only
houseofcardsep.tcgplayerpro.com,unknown,tcgplayerpro,not_checked,TCGplayer Pro storefront for House of Cards El Paso; nothing indexed,
houseofcardsnola.com,no_mtg,wix,unknown,Sports cards and memorabilia store,nothing indexed
houstonsportsconnection.net,no_mtg,unknown,unknown,sports memorabilia and cards only,nothing indexed
hyperbeamtcggaming.wixsite.com,no_mtg,wix,unknown,shop shows Yu-Gi-Oh products only,nothing indexed
hyperrelic.com,no_mtg,unknown,no_pokemon,sports memorabilia only,sports cards and memorabilia pages only
infinitecomicsandcards.com,mtg,wordpress,pokemon_other,"Trading cards page mentions MTG boosters, no product page seen",trading cards page mentions Pokemon no product page
irlcards.com,mtg,unknown,pokemon_other,MTG events page and homepage only,homepage mentions Pokemon cards no product page
izzisgym.com,mtg,unknown,pokemon_other,"MTG page describes sealed products, no product page seen",Pokemon packs singles graded; no sealed product page seen
jjckcollectibles.com,mtg,unknown,pokemon_other,"Homepage lists MTG among cards, no product page seen",homepage mentions Pokemon; no sealed product page
jnjgamesnhobbies.com,mtg,unknown,pokemon_other,"Homepage says carries MTG, no product page seen",homepage mentions Pokemon TCG events only
justforfungames.net,mtg,unknown,pokemon_other,Homepage mentions MTG only,homepage mentions Pokemon cards and packs
kaboom.games,unknown,unknown,not_checked,Nothing indexed for domain,
kabsportscards.com,mtg,unknown,no_pokemon,"Products page lists MTG boosters, no product page",products page lists MTG Yu-Gi-Oh Warhammer only
kaleidotcg.com,no_mtg,unknown,pokemon_other,"Pokemon One Piece Gundam Riftbound store, no MTG",Pokemon TCG store homepage and events no product page
kaskadegames.com,mtg,unknown,unknown,"Brownsville card shop sells MTG, no product pages indexed",nothing indexed
kingpincomicsandgaming.com,mtg,unknown,pokemon_other,Homepage only says buys and sells MTG,homepage says buys and sells Pokemon
kowabungacomics.com,mtg,unknown,pokemon_other,MTG prerelease and events pages only,Pokemon prerelease events; no sealed product page
levelupknox.com,mtg,wordpress,unknown,MTG prerelease event pages only,nothing indexed
mayhemcomics.com,mtg,unknown,no_pokemon,curbside page mentions booster box preorders but no product page,indexed comics games pages; no Pokemon seen
meadhallgames.com,mtg,unknown,unknown,Magic section and cart page but no sealed product page seen,nothing indexed
mediamencardsandcollectibles.com,mtg,unknown,pokemon_other,about page says carries Magic; no product pages indexed,about page says carries Pokemon TCG
mehgames.info,mtg,unknown,pokemon_other,homepage mentions Magic; no product pages,homepage lists Pokemon; no product page
mguinc.com,mtg,unknown,no_pokemon,events and buylist pages; no sealed product page,only MTG news indexed
middletennesseegaming.com,mtg,unknown,pokemon_other,homepage indexed mentions Magic the Gathering but no sealed product page seen,homepage says carries Pokemon; no product page
mythicgamescolorado.com,mtg,unknown,pokemon_other,singles ordering and inventory update pages; no sealed product page,restock pages mention Pokemon ETBs and boosters; no shop product URL
nerdvana.com,mtg,unknown,no_pokemon,homepage Magic singles kiosk and events,homepage only; no Pokemon seen
nexuswaco.com,mtg,unknown,pokemon_other,preorder page seen is Lorcana only; Magic deck rental,TCG HQ mentions Pokemon; preorder pages only for other games
nimbustcgames.com,mtg,unknown,unknown,homepage Magic singles and events,nothing indexed
nomadsden.company.site,unknown,square,not_checked,comics and gaming store; no MTG indexed,
novagamesnj.com,mtg,unknown,unknown,homepage mentions sealed packs but no product page,nothing indexed
numiru.com,mtg,unknown,pokemon_other,homepage claims MTG sealed; no product page,homepage lists Pokemon cards; no product page
odysseygamesco.com,mtg,unknown,pokemon_other,blog post mentions Magic play only,Pokemon league event on bulletin board
okcripscards.com,mtg,unknown,unknown,homepage mentions MTG and sealed boxes generally,nothing indexed
omegafrog.com,mtg,unknown,pokemon_other,homepage mentions MTG booster packs; no product page,homepage sells Pokemon booster packs; no sealed product page
other-realms.com,mtg,unknown,no_pokemon,MTG product info and prerelease event pages,indexed MTG SWU Warhammer pages only
pairadicegames.com,mtg,unknown,no_pokemon,prerelease and draft event pages only,indexed events blog; MTG Lorcana only
papertigercards.com,mtg,shopify,pokemon_other,MTG singles product pages only,Pokemon singles product pages; no sealed seen
patagiumgames.com,mtg,shopify,pokemon_other,collectible MTG items; no standard sealed boosters,homepage mentions Pokemon cards; no sealed page
pcgoldinc.com,no_mtg,unknown,unknown,computer store,nothing indexed
perfectstormmtg.net,mtg,unknown,pokemon_other,homepage mentions sealed and singles; no product page,homepage says sells Pokemon sealed; no product page
philshobbyshop.com,no_mtg,unknown,unknown,RC and model trains hobby shop,nothing indexed
planargames.com,mtg,unknown,unknown,homepage lists Magic; no product pages,nothing indexed
popculturenh.com,mtg,unknown,unknown,homepage lists Magic the Gathering,nothing indexed
pota-games.com,unknown,unknown,not_checked,game store; no MTG indexed,
primetimecardsandgames.godaddysites.com,mtg,godaddy,unknown,landing page; inventory on primetimemagic.com,nothing indexed
primetimegilbert.com,mtg,shopify,no_pokemon,MTG singles product pages only,MTG product pages only
promtgshop.crystalcommerce.com,mtg,crystalcommerce,pokemon_other,singles and accessories; no sealed seen,Pokemon singles catalog page; no sealed seen
qstaffepc.square.site,unknown,square,not_checked,Quarterstaff Games webstore; nothing indexed,
ribbittcgcollectibles.com,mtg,unknown,unknown,homepage mentions Magic; no product pages,nothing indexed
roguerobotmn.com,unknown,unknown,not_checked,comics and games store; no MTG indexed,
sanctuarybooksandgames.com,mtg,unknown,pokemon_other,homepage lists Magic; no product pages,homepage lists Pokemon; no product page
seikatsu.store,unknown,unknown,not_checked,nothing indexed,
shopnocturnaltcg.com,no_mtg,unknown,unknown,Pokemon and One Piece shop,nothing indexed
shopthemerchantvault.com,unknown,unknown,not_checked,nothing indexed,
showgoatcards.com,mtg,unknown,unknown,"Metairie LA card shop; MTG grading mention only, no product pages",nothing indexed
stadiumcc.com,mtg,unknown,pokemon_other,"homepage snippet mentions MTG singles and boxes, no product page seen",homepage lists Pokemon cards; no product page
steamshipgames.com,mtg,unknown,unknown,catalog pages for MTG singles only,nothing indexed
sunshinegamesonline.com,mtg,unknown,pokemon_other,Tampa shop sells MTG boosters per homepage; no product pages seen,homepage lists Pokemon singles and boosters; no product page
tcgtrinketsbst.com,unknown,unknown,not_checked,Durham card shop sells sealed; MTG not mentioned,
thecomicdimension.com,mtg,unknown,no_pokemon,Magic the Gathering page with boosters and singles; no cart pages seen,"only Heroclix page indexed, no Pokemon"
thegamecellarla.com,mtg,unknown,unknown,San Gabriel store stocks MTG singles and sealed per homepage; no product pages,nothing indexed
thegamersedgecomics.com,mtg,unknown,pokemon_other,Stroudsburg/Easton shop carries MTG packs; no product pages seen,Pokemon prerelease event page only
thehoneybeegames.com,mtg,wix,pokemon_other,"MTG page and events; sells packs in store, no product pages",FAQ mentions Pokemon boxes but no product page
themanacore.com,mtg,unknown,unknown,Providence shop web shop for MTG singles; no sealed seen,nothing indexed
themanavault.com,mtg,unknown,pokemon_other,"Milwaukee MTG store; products page mentions sealed, no cart pages seen",products page mentions sealed Pokemon but no product pages
themysticgameshop.com,mtg,unknown,pokemon_other,"Olympia game shop; prereleases mentioned, no product pages",Pokemon events only no product pages
therpgzone.com,mtg,unknown,pokemon_other,Alexandria VA store stocks MTG packs and sealed per site; no product pages,homepage says stocks Pokemon sealed but no product page
thesidequestak.com,mtg,unknown,pokemon_other,Anchorage board game lounge sells MTG packs; no shop pages,cards page mentions Pokemon booster packs no product page
thetechexchange.net,no_mtg,unknown,no_pokemon,video games and electronics resale,only how it works page indexed no Pokemon
thetradingcardemporium.com,mtg,unknown,unknown,Daily MTG events and sells MTG; no product pages seen,nothing indexed
thirdspacetcg.com,mtg,unknown,pokemon_other,"San Antonio shop /store/ pages; MTG sealed claimed, only MLP and Pokemon pages seen",homepage mentions pokemon no pokemon product page seen
timewarpcards.com,mtg,unknown,pokemon_other,Cincinnati shop MTG page says boosters and boxes for sale; no cart pages,homepage says sells Pokemon but no product pages
treasurecruisecards.com,mtg,unknown,pokemon_other,MTG play store sells boosters; category pages only for other games,Pokemon category page lists packs boxes but no product page
trottashobbies.com,mtg,unknown,pokemon_other,NJ shop stocks MTG sealed per homepage; no product pages seen,homepage mentions Pokemon ETB and packs no product page
tucsongamesandgadgets.com,mtg,unknown,pokemon_other,AZ stores carry MTG; events pages only,about page mentions Pokemon booster boxes no product page
tulsaarcades.com,no_mtg,unknown,no_pokemon,custom arcade machines and parts,arcade machines store no Pokemon
twinsunscomics.com,mtg,unknown,pokemon_other,Cape Charles VA FNM and draft events only,card games page mentions Pokemon sealed boxes no product page
uncommonsnyc.com,mtg,unknown,no_pokemon,NYC store sells MTG boosters; Commander Anthology page and events,only MTG prerelease page indexed
vansccg.com,mtg,unknown,pokemon_other,Homepage lists MTG boosters; no product pages seen,homepage mentions Pokemon no product page
victorycomics.com,mtg,unknown,pokemon_other,Falls Church VA comics store buys and sells MTG; no product pages,products page mentions Pokemon cards no product pages
wizardscomicsandgames.com,mtg,unknown,pokemon_other,Tulsa store MTG booster draft events only,Pokemon league event page only
wshouseofcards.com,mtg,unknown,pokemon_other,Winston Salem store carries MTG; no product pages seen,homepage says sells Pokemon no product pages
