cardshows_url,website,confidence,note
https://cardshows.io/shops/d20-gaming-llc-eau-claire,https://www.d20ec.com/,high,
https://cardshows.io/shops/da-planet-honolulu-honolulu,https://www.da-planet.com/,high,
https://cardshows.io/shops/dabbers-gaming-cafe-norcross,https://www.dabbersgamingcafe.com/,high,"chain, 2 locations"
https://cardshows.io/shops/dabbers-gaming-cafe-sandy-springs,https://www.dabbersgamingcafe.com/,high,"chain, 2 locations"
https://cardshows.io/shops/dad-toyz-appleton,https://dadtoyz.com/,high,
https://cardshows.io/shops/dads-dugout-sports-cards-collectibles-brentwood,https://www.dads-dugout.com/,high,
https://cardshows.io/shops/dads-sports-collectibles-llc-hopkinsville,https://dadsportscardsandcollectibles.com/,medium,one directory lists as closed
https://cardshows.io/shops/dailey-card-co-meadowbrook,https://daileycardco.com/,high,Meadowbrook is area of Hoover AL
https://cardshows.io/shops/daily-tcg-olathe,,none,no matching business found in Olathe KS
https://cardshows.io/shops/dailymisplay-clearwater,,none,no matching business found in Clearwater FL
https://cardshows.io/shops/dakota-gaming-supply-inc-bismarck,http://www.dakotagamingsupply.com/,high,
https://cardshows.io/shops/dalez-kardz-colorado-springs,https://dalezkardz.com/,high,
https://cardshows.io/shops/dallas-cowboys-pro-shop-amarillo,https://shop.dallascowboys.com/en/,medium,"chain mall store, no local site"
https://cardshows.io/shops/dallas-cowboys-pro-shop-brownsville,https://shop.dallascowboys.com/en/,medium,"chain mall store, no local site"
https://cardshows.io/shops/dame-games-north-syracuse,https://damegames.store/,high,
https://cardshows.io/shops/danalu808-hilo,,none,no matching business found in Hilo HI
https://cardshows.io/shops/danes-games-geneva-geneva,https://danes-games.com/,high,
https://cardshows.io/shops/danes-games-west-chicago-west-chicago,https://danes-games.com/,high,"chain, 2 locations"
https://cardshows.io/shops/danimalz-trading-cards-collectibles-lakewood,https://www.instagram.com/danimalztradingcards/,social,no dedicated website found
