cardshows_url,match,osm_name,city,state,website,verdict,reason
https://cardshows.io/shops/217-comics-cards-games-springfield,low,"217 Comics, Cards & Games",Springfield,IL,https://www.217comics.com/,keep,name and city match
https://cardshows.io/shops/757-sports-collectibles-virginia-beach,high,757 Sports Collectibles,Virginia Beach,VA,https://www.757sc.com/,keep,name and city match
https://cardshows.io/shops/7th-dimension-games-jenkintown,high,7th Dimension Games,Jenkintown,PA,https://shop.7thdimensiongames.com/,keep,name and city match
https://cardshows.io/shops/888-collectibles-las-vegas,high,888 Collectibles,Las Vegas,NV,https://888collectibles.com/,keep,name and city match
https://cardshows.io/shops/all-cs-collectibles-aurora,high,All C's Collectibles,Aurora,CO,https://allcscollectibles.com/,keep,name and city match
https://cardshows.io/shops/anime-island-el-cerrito,high,Anime Island,El Cerrito,CA,https://www.yelp.com/biz/anime-island-el-cerrito-2,keep,name and city match
https://cardshows.io/shops/asgard-games-houston,high,Asgard Games,Houston,TX,https://asgardgames.net/,keep,name and city match
https://cardshows.io/shops/atlantis-games-comics-portsmouth,low,Atlantis Games & Comics,Portsmouth,VA,https://atlantis-comics.com/,keep,name and city match
https://cardshows.io/shops/atomic-empire-durham,high,Atomic Empire,Durham,NC,https://www.atomicempire.com,keep,name and city match
https://cardshows.io/shops/beckett-castle-tcg-llc-racine,low,Beckett Castle TCG,Racine,WI,https://beckettcastletcg.com/,keep,name and city match
https://cardshows.io/shops/bel-kirk-stamp-coin-comics-kirkland,low,"Bel-Kirk Stamp, Coin & Comics",Kirkland,WA,https://belkirkstamps.com/,keep,name and city match
https://cardshows.io/shops/bennys-card-vault-oak-hill,high,Bennys Card Vault,Oak Hill,WV,https://www.bennyscardvault.com,keep,name and city match
https://cardshows.io/shops/big-pack-hobby-shop-rochelle-park,high,Big Pack Hobby Shop,Rochelle Park,NJ,https://www.shopbigpack.com/,keep,name and city match
https://cardshows.io/shops/bird-dog-cards-and-comix-fresno,high,Bird Dog Cards and Comix,Fresno,CA,https://www.birddogcardsandcomix.com,keep,name and city match
https://cardshows.io/shops/black-diamond-games-concord,high,Black Diamond Games,Concord,CA,http://www.blackdiamondgames.com/,keep,name and city match
https://cardshows.io/shops/black-dragon-games-twin-falls,high,Black Dragon Games,Twin Falls,ID,https://blackdragongames.net,keep,name and city match
https://cardshows.io/shops/black-harbor-gaming-largo,high,Black Harbor Gaming,Largo,FL,https://blackharborgaming.tcgplayerpro.com/,keep,name and city match
https://cardshows.io/shops/blakfyre-games-pleasant-grove,high,Blakfyre Games,Pleasant Grove,UT,https://blakfyre.net/,keep,name and city match
https://cardshows.io/shops/blowout-cards-the-fantastic-store-chantilly,high,Blowout Cards - The Fantastic Store,Chantilly,VA,https://www.thefantasticstore.com/,keep,name and city match
https://cardshows.io/shops/blue-highway-games-seattle,high,Blue Highway Games,Seattle,WA,https://bluehighwaygames.com/,keep,name and city match
https://cardshows.io/shops/bluff-city-memorabilia-southaven,high,Bluff City Memorabilia,Southaven,MS,https://bluffcitymemorabilia.com,keep,name and city match
https://cardshows.io/shops/boardwalk-greenville,high,Boardwalk,Greenville,SC,https://boardwalk-greenville.com/wp/,keep,name and city match
https://cardshows.io/shops/brickhouse-collectibles-knoxville,high,Brickhouse Collectibles,Knoxville,TN,https://brickhousecollectibles.com/,keep,name and city match
https://cardshows.io/shops/brookhurst-hobbies-garden-grove,high,Brookhurst Hobbies,Garden Grove,CA,https://brookhursthobbies.com/,keep,name and city match
https://cardshows.io/shops/brute-force-games-san-diego,high,Brute Force Games,San Diego,CA,https://bruteforcemtg.com,keep,name and city match
https://cardshows.io/shops/cardboard-diamonds-tigard,high,Cardboard Diamonds,Tigard,OR,https://cardboarddiamonds.com/,keep,name and city match
https://cardshows.io/shops/carls-cards-collectibles-havertown,low,Carl's Cards & Collectibles,Havertown,PA,https://carlscards.com,keep,name and city match
https://cardshows.io/shops/castle-of-games-springfield,high,Castle of Games,Springfield,OR,https://castleofgames.com,keep,name and city match
https://cardshows.io/shops/championship-cards-emmaus,high,Championship Cards,Emmaus,PA,https://championshipcards.net/,keep,name and city match
https://cardshows.io/shops/chicagoland-games-dice-dojo-chicago,high,Chicagoland Games Dice Dojo,Chicago,IL,https://chicagolandgames.com/,keep,name and city match
https://cardshows.io/shops/chronos-games-and-gifts-beaverton,high,Chronos Games & Gifts,Beaverton,OR,https://chronosgg.com/,keep,name and city match
https://cardshows.io/shops/chupacabra-games-naperville,high,Chupacabra Games,Naperville,IL,https://www.chupacabra-games.com/,keep,name and city match
https://cardshows.io/shops/clubhouse-cards-washington,high,Clubhouse Cards,Washington,UT,https://clubhousecards.net/,keep,name and city match
https://cardshows.io/shops/coastal-sports-cards-myrtle-beach,high,Coastal Sports Cards,Myrtle Beach,SC,https://www.coastalsportscards.com/,keep,name and city match
https://cardshows.io/shops/coastal-sports-cards-simpsonville,high,Coastal Sports Cards,Simpsonville,SC,https://www.coastalsportscards.com/,keep,name and city match
https://cardshows.io/shops/coliseum-of-comics-gainesville-gainesville,high,Coliseum of Comics Gainesville,Gainesville,FL,https://coliseumofcomics.com/gainesville/,keep,name and city match
https://cardshows.io/shops/collectibles-cards-games-flower-mound,high,Collectibles Cards + Games,Flower Mound,TX,https://www.collectiblescardsandgames.com,keep,name and city match
https://cardshows.io/shops/collectors-cache-lenexa,high,Collector's Cache,Lenexa,KS,https://www.collectorscache.com/,keep,name and city match
https://cardshows.io/shops/collectors-crossroads-cedar-park,high,Collectors Crossroads,Cedar Park,TX,https://collectorscrossroads.com/,keep,name and city match
https://cardshows.io/shops/cosmic-cards-collectibles-troy,low,Cosmic Cards & Collectibles,Troy,MI,https://www.oaklandmall.com/store/cosmic-cards-and-collectibles,keep,name and city match
https://cardshows.io/shops/critical-hit-games-cleveland-heights,high,Critical Hit Games,Cleveland Heights,OH,https://critical-hit.com/,keep,name and city match
https://cardshows.io/shops/d20-games-alameda,high,D20 Games,Alameda,CA,https://d20gamestore.com/,keep,name and city match
https://cardshows.io/shops/days-of-knights-newark,high,The Days of Knights,Newark,DE,https://www.daysofknights.com,keep,name and city match
https://cardshows.io/shops/deadly-seven-games-boise,high,Deadly Seven Games,Boise,ID,https://www.deadlysevengames.com/,keep,name and city match
https://cardshows.io/shops/deal-me-in-games-boyertown,high,Deal Me In Games,Boyertown,PA,https://www.dealmeingames.com/,keep,name and city match
https://cardshows.io/shops/denver-central-games-denver,high,Denver Central Games,Denver,CO,https://www.denvercentralgames.com/,keep,name and city match
https://cardshows.io/shops/destinys-end-games-and-hobbies-west-valley-city,high,Destiny's End Games and Hobbies,West Valley City,UT,https://destinysendgamesandhobbies.com/,keep,name and city match
https://cardshows.io/shops/diamond-valley-collectibles-windsor,high,Diamond Valley Collectibles,Windsor,CO,https://www.diamondvalleycollectibles.com/,keep,name and city match
https://cardshows.io/shops/die-hard-games-springfield,high,Die Hard Games,Springfield,IL,https://www.diehardgames.shop/,keep,name and city match
https://cardshows.io/shops/docking-bay-93-mount-vernon,high,Docking Bay 93,Mount Vernon,WA,https://dockingbay93.com/,keep,name and city match
https://cardshows.io/shops/dogpatch-games-san-francisco,high,Dogpatch Games,San Francisco,CA,https://www.dogpatch.games/,keep,name and city match
https://cardshows.io/shops/duke-city-games-albuquerque,high,Duke City Games,Albuquerque,NM,https://dukecity.games,keep,name and city match
https://cardshows.io/shops/dumpster-cat-games-minneapolis,high,Dumpster Cat Games,Minneapolis,MN,https://www.dumpstercatgames.com/,keep,name and city match
https://cardshows.io/shops/eclectic-grand-junction,high,Eclectic,Grand Junction,CO,https://eclecticgj.company.site/,keep,name and city match
https://cardshows.io/shops/elf-n-moon-gaming-hobby-indianapolis,low,Elf 'N Moon Gaming & Hobby,Indianapolis,IN,https://www.elfnmoon.com,keep,name and city match
https://cardshows.io/shops/enchanted-realms-games-gifts-colorado-springs,low,Enchanted Realms Games & Gifts,Colorado Springs,CO,https://enchantedrealms.myshopify.com/,keep,name and city match
https://cardshows.io/shops/fantastic-games-boise,high,Fantastic Games,Boise,ID,https://www.fantasticgames.com,keep,name and city match
https://cardshows.io/shops/fantastic-realmz-fairbanks,high,Fantastic Realmz,Fairbanks,AK,https://fantasticrealmz.tcgplayerpro.com,keep,name and city match
https://cardshows.io/shops/farbo-co-lancaster,high,Farbo Co.,Lancaster,PA,https://farboco.com/,keep,name and city match
https://cardshows.io/shops/first-turn-games-cedar-rapids,high,First Turn Games,Cedar Rapids,IA,https://firstturngamescedarrapids.com/,keep,name and city match
https://cardshows.io/shops/forbidden-planet-new-york,high,Forbidden Planet,New York,NY,https://www.fpnyc.com/Store-Information/,keep,name and city match
https://cardshows.io/shops/fortuna-games-st-louis,high,Fortuna Games,St Louis,MO,https://fortunagames.net,keep,name and city match
https://cardshows.io/shops/frontline-games-clarksville,high,Frontline Games,Clarksville,TN,https://www.frontlinegames.net/,keep,name and city match
https://cardshows.io/shops/full-grip-games-akron,high,Full Grip Games,Akron,OH,https://www.fullgripgames.com/,keep,name and city match
https://cardshows.io/shops/gajo-games-sandy,high,Gajo Games,Sandy,UT,http://gajominis.com/index.html,keep,name and city match
https://cardshows.io/shops/galaxy-of-games-herriman,high,Galaxy of Games,Herriman,UT,https://galaxyof.games/,keep,name and city match
https://cardshows.io/shops/game-cafe-independence,high,Game Cafe,Independence,MO,https://www.playgamecafe.com/,keep,name and city match
https://cardshows.io/shops/game-den-layton,high,Game Den,Layton,UT,https://gameden.com,keep,name and city match
https://cardshows.io/shops/game-goblins-conway,high,Game Goblins,Conway,AR,https://gamegoblins.com/,keep,name and city match
https://cardshows.io/shops/game-goblins-little-rock,high,Game Goblins,Little Rock,AR,https://gamegoblins.com/,keep,name and city match
https://cardshows.io/shops/game-hq-oklahoma-city,high,Game HQ,Oklahoma City,OK,https://gameheadquarters.com/,keep,name and city match
https://cardshows.io/shops/game-night-games-salt-lake-city,high,Game Night Games,Salt Lake City,UT,https://www.gamenightgames.com/about-gng.html,keep,name and city match
https://cardshows.io/shops/game-nite-st-louis,high,Game Nite,St. Louis,MO,https://gameniteshop.com/,keep,name and city match
https://cardshows.io/shops/gamers-hq-topeka,high,Gamers HQ,Topeka,KS,https://gamershq.com/,keep,name and city match
https://cardshows.io/shops/games-and-stuff-glen-burnie,high,Games and Stuff,Glen Burnie,MD,https://www.gamesandstuffonline.com,keep,name and city match
https://cardshows.io/shops/games-of-berkeley-berkeley,high,Games of Berkeley,Berkeley,CA,https://www.gamesofberkeley.com/,keep,name and city match
https://cardshows.io/shops/games-plus-lake-stevens,high,Games Plus,Lake Stevens,WA,https://gamespluswa.net,keep,name and city match
https://cardshows.io/shops/gametime-michigan-southgate,high,GameTime Michigan,Southgate,MI,https://gametimemichigan.com/,keep,name and city match
https://cardshows.io/shops/gamez-more-rochester,low,Gamez and More,Rochester,MN,https://www.gamezandmore.com/,keep,name and city match
https://cardshows.io/shops/gaming-giant-fairfax,high,Gaming Giant,Fairfax,VA,https://www.gaminggiant.com/,keep,name and city match
https://cardshows.io/shops/goats-n-grails-greenville,high,Goats 'n Grails,Greenville,SC,https://goatsngrails.com/,keep,name and city match
https://cardshows.io/shops/gold-glory-gaming-broadview-heights,low,Gold & Glory Gaming,Broadview Heights,OH,https://www.goldandglorygaming.com/,keep,name and city match
https://cardshows.io/shops/golden-game-guild-golden,high,Golden Game Guild,Golden,CO,https://www.goldengameguild.com/,keep,name and city match
https://cardshows.io/shops/grove-warden-games-hillsboro,high,Grove Warden Games,Hillsboro,OR,https://grovewarden.games,keep,name and city match
https://cardshows.io/shops/guardian-games-portland,high,Guardian Games,Portland,OR,https://ggportland.com/pdx/,keep,name and city match
https://cardshows.io/shops/heroes-sports-cards-virginia-beach,high,Heroes Sports Cards,Virginia Beach,VA,https://heroessportscards.com,keep,name and city match
https://cardshows.io/shops/high-speed-collectibles-llc-winchester,low,High Speed Collectibles,Winchester,KY,https://www.highspeedcollectibles.com/,keep,name and city match
https://cardshows.io/shops/hobbytown-st-george,high,Hobbytown,St. George,UT,https://hobbytown.com,keep,name and city match
https://cardshows.io/shops/illusive-comics-games-llc-santa-clara,low,Illusive Comics & Games,Santa Clara,CA,https://www.illusivecomics.com/,keep,name and city match
https://cardshows.io/shops/immortals-inc-rocky-river,high,Immortals Inc.,Rocky River,OH,https://immortalsinc.com/,keep,name and city match
https://cardshows.io/shops/insomniac-collectibles-bellflower,high,Insomniac Collectibles,Bellflower,CA,https://collectiblecardsbellflower.com/,keep,name and city match
https://cardshows.io/shops/jays-cd-hobby-des-moines,low,Jay's CD and Hobby,Des Moines,IA,http://www.jayscdandhobby.com/,keep,name and city match
https://cardshows.io/shops/jerseys-cards-comics-llc-hayes,low,Jersey's Cards & Comics LLC,Hayes,VA,https://www.jerseyscc.com/,keep,name and city match
https://cardshows.io/shops/kingdom-collectibles-fresno,high,Kingdom Collectibles,Fresno,CA,https://www.kingdomcollectibles.us/,keep,name and city match
https://cardshows.io/shops/kobolds-keep-sparks,high,Kobold's Keep,Sparks,NV,https://koboldskeep.com/,keep,name and city match
https://cardshows.io/shops/legends-comics-and-games-fresno,high,Legends Comics and Games,Fresno,CA,https://legendscomics-games.com/,keep,name and city match
https://cardshows.io/shops/lionheart-games-llc-waite-park,low,LionHeart Games,Waite Park,MN,https://www.lionheartgamesmn.com/,keep,name and city match
https://cardshows.io/shops/magic-city-comics-and-collectibles-barberton,high,Magic City Comics and Collectibles,Barberton,OH,https://stuffgenieonline.com/,keep,name and city match
https://cardshows.io/shops/meeples-games-seattle,high,Meeples Games,Seattle,WA,https://meeplesgames.com,keep,name and city match
https://cardshows.io/shops/mesa-top-games-toys-los-alamos,low,Mesa Top Games & Toys,Los Alamos,NM,https://www.mesatopgames.com/,keep,name and city match
https://cardshows.io/shops/millennium-games-rochester,high,Millennium Games,Rochester,NY,https://millenniumgames.com/,keep,name and city match
https://cardshows.io/shops/mimics-market-pittsburgh,high,Mimic's Market,Pittsburgh,PA,https://mimicsmarket.com/,keep,name and city match
https://cardshows.io/shops/modern-games-bend,high,Modern Games,Bend,OR,https://www.moderngamesbend.com/,keep,name and city match
https://cardshows.io/shops/mothership-books-and-games-austin,high,Mothership Books and Games,Austin,TX,https://mothershipatx.com/,keep,name and city match
https://cardshows.io/shops/mox-boarding-house-bellevue,high,Mox Boarding House,Bellevue,WA,https://www.moxboardinghouse.com/bellevue/,keep,name and city match
https://cardshows.io/shops/mox-boarding-house-seattle,high,Mox Boarding House,Seattle,WA,https://www.moxboardinghouse.com/ballard/,keep,name and city match
https://cardshows.io/shops/mox-valley-games-springfield,high,Mox Valley Games,Springfield,OR,https://moxvalleygames.tcgplayerpro.com/,keep,name and city match
https://cardshows.io/shops/mystical-mayhem-springfield,high,Mystical Mayhem,Springfield,OR,https://tradingbloc.crystalcommerce.com/,keep,name and city match
https://cardshows.io/shops/ninjacat-card-shop-naperville,high,Ninjacat Card Shop,Naperville,IL,https://ninjacatcardshop.tcgplayerpro.com/,keep,name and city match
https://cardshows.io/shops/nintendo-new-york-new-york,high,Nintendo NEW YORK,New York,NY,https://www.nintendo.com/us/retail-locations/new-york/,keep,name and city match
https://cardshows.io/shops/noble-knight-games-fitchburg,high,Noble Knight Games,Fitchburg,WI,https://www.nobleknight.com/,keep,name and city match
https://cardshows.io/shops/nwi-cards-merrillville,high,NWI Cards,Merrillville,IN,https://nwicards.com,keep,name and city match
https://cardshows.io/shops/off-the-charts-games-gresham,high,Off The Charts Games,Gresham,OR,http://www.offthechartsgames.com/,keep,name and city match
https://cardshows.io/shops/one-eyed-jacques-richmond,high,One Eyed Jacques,Richmond,VA,https://oneeyedjacques.com/,keep,name and city match
https://cardshows.io/shops/pandemonium-books-games-cambridge,low,Pandemonium Books & Games,Cambridge,MA,https://pandemoniumbooks.com/,keep,name and city match
https://cardshows.io/shops/pandemonium-games-and-hobbies-garden-city,high,Pandemonium Games & Hobbies,Garden City,MI,https://pandogames.com/,keep,name and city match
https://cardshows.io/shops/phantom-of-the-attic-games-pittsburgh,high,Phantom of the Attic Games,Pittsburgh,PA,http://www.pota-oakland.com/,keep,name and city match
https://cardshows.io/shops/phyrexian-life-games-scarborough,high,Phyrexian Life Games,Scarborough,ME,https://phyrexianlifegames.com/,keep,name and city match
https://cardshows.io/shops/pineapple-collectibles-henderson,high,Pineapple Collectibles,Henderson,NV,https://pineapplecollectibles.com/,keep,name and city match
https://cardshows.io/shops/pink-bunny-games-south-milwaukee,high,Pink Bunny Games,South Milwaukee,WI,https://www.pinkbunnygames.com,keep,name and city match
https://cardshows.io/shops/play-and-talk-mobile,high,Play And Talk,Mobile,AL,https://www.playandtalk.com/,keep,name and city match
https://cardshows.io/shops/play-the-game-read-the-story-syracuse,high,Play the Game Read the Story,Syracuse,NY,http://playthegamereadthestory.com/locations,keep,name and city match
https://cardshows.io/shops/player-1-services-kensington,high,Player 1 Services,Kensington,MD,https://www.playeroneservices.com/,keep,name and city match
https://cardshows.io/shops/power-9-games-north-las-vegas,high,Power 9 Games,North Las Vegas,NV,https://www.powerninegames.com/,keep,name and city match
https://cardshows.io/shops/quantum-sports-cleveland,high,Quantum Sports,Cleveland,TN,https://qsportsgroup.com/,keep,name and city match
https://cardshows.io/shops/rad-lad-games-mahomet,high,Rad Lad Games,Mahomet,IL,https://www.radladgames.com,keep,name and city match
https://cardshows.io/shops/ragingeek-comics-toys-metuchen,low,Ragingeek Comics & Toys,Metuchen,NJ,https://www.ragingeek.com/,keep,name and city match
https://cardshows.io/shops/recess-games-north-olmsted,high,Recess Games,North Olmsted,OH,https://www.recess.net/,keep,name and city match
https://cardshows.io/shops/recycled-entertainment-amarillo,high,Recycled Entertainment,Amarillo,TX,https://recycledentertainment.crystalcommerce.com/,keep,name and city match
https://cardshows.io/shops/red-curtain-comics-collectibles-akron,low,Red Curtain Comics & Collectibles,Akron,OH,https://redcurtaincomics.com,keep,name and city match
https://cardshows.io/shops/redhammers-appleton,high,Redhammers,Appleton,WI,http://red-hammers.com/,keep,name and city match
https://cardshows.io/shops/rekreation-games-chandler,high,Rekreation Games,Chandler,AZ,https://www.rekreationgames.com/,keep,name and city match
https://cardshows.io/shops/reliquary-gaming-chesterton,high,Reliquary Gaming,Chesterton,IN,https://linktr.ee/reliquarygaming,keep,name and city match
https://cardshows.io/shops/reset-games-bellingham,high,Reset Games,Bellingham,WA,http://anothercastlegames.com,keep,name and city match
https://cardshows.io/shops/revolution-cards-elmont,high,Revolution Cards,Elmont,NY,https://revolutioncardsllc.com/,keep,name and city match
https://cardshows.io/shops/riftgate-games-murray,high,Riftgate Games,Murray,UT,https://riftgate.com/,keep,name and city match
https://cardshows.io/shops/rip-n-card-trick-llc-mcminnville,low,Rip N Card Trick,McMinnville,OR,https://www.ripncardtrick.com,keep,name and city match
https://cardshows.io/shops/riw-hobbies-games-inc-livonia,low,RIW Hobbies & Games,Livonia,MI,https://riwhobbies.com/,keep,name and city match
https://cardshows.io/shops/rng-gamez-south-plainfield,high,RNG-Gamez,South Plainfield,NJ,https://rng-gamez.com,keep,name and city match
https://cardshows.io/shops/rune-board-hillsboro,low,Rune & Board,Hillsboro,OR,https://runeandboard.com/,keep,name and city match
https://cardshows.io/shops/rwt-collective-los-angeles,high,RWT Collective,Los Angeles,CA,https://www.rwtcollective.com/,keep,name and city match
https://cardshows.io/shops/rynos-sports-cards-and-memorabilia-bellingham,high,Ryno's Sports Cards & Memorabilia,Bellingham,WA,https://rynossportscards.com,keep,name and city match
https://cardshows.io/shops/sd-sports-cards-san-diego,high,SD Sports Cards,San Diego,CA,https://sdsportscards.com/,keep,name and city match
https://cardshows.io/shops/sharp-gaming-fort-smith,high,Sharp Gaming,Fort Smith,AR,https://www.sb-gaming.com/,keep,name and city match
https://cardshows.io/shops/shuffle-and-cut-games-brea,high,Shuffle and Cut Games,Brea,CA,https://retail.shuffleandcut.com/,keep,name and city match
https://cardshows.io/shops/simplyunlucky-game-shop-modesto,high,SimplyUnlucky Game Shop,Modesto,CA,https://www.simplyunlucky.com/,keep,name and city match
https://cardshows.io/shops/slow-your-roll-hilo,high,Slow Your Roll,Hilo,HI,https://slowyourroll.com/,keep,name and city match
https://cardshows.io/shops/spellhold-games-orange,high,Spellhold Games,Orange,CA,https://www.spellholdgames.com,keep,name and city match
https://cardshows.io/shops/storytellers-whitesboro,high,Storytellers,Whitesboro,NY,http://www.storytellerscny.com/,keep,name and city match
https://cardshows.io/shops/strategy-games-coeur-d-alene,low,Strategy & Games,Coeur d’Alene,ID,http://sngfun.com/,keep,name and city match
https://cardshows.io/shops/super-sports-cards-vancouver,high,Super Sports Cards,Vancouver,WA,https://www.supersportscards.net/,keep,name and city match
https://cardshows.io/shops/t2-trading-cards-collectibles-tigard,low,T2 Trading Cards & Collectibles,Tigard,OR,https://t2llcshop.square.site/,keep,name and city match
https://cardshows.io/shops/tabletop-game-hobby-overland-park,low,TableTop Game & Hobby,Overland Park,KS,https://tabletopgameandhobby.com/,keep,name and city match
https://cardshows.io/shops/tabletops-hobbies-games-nashville,low,Tabletops Hobbies & Games,Nashville,TN,https://tabletopshobbiesandgames.crystalcommerce.com,keep,name and city match
https://cardshows.io/shops/tgs-oswego-oswego,high,TGS Oswego,Oswego,IL,https://tgstrades.crystalcommerce.com/,keep,name and city match
https://cardshows.io/shops/the-blue-post-elizabethton,high,The Blue Post,Elizabethton,TN,https://www.bluepost.co/,keep,name and city match
https://cardshows.io/shops/the-card-bar-fresno,high,The Card Bar,Fresno,CA,https://bulldogsportscards.com/,keep,name and city match
https://cardshows.io/shops/the-crimson-guild-wauwatosa,high,The Crimson Guild,Wauwatosa,WI,https://thecrimsonguild.com/,keep,name and city match
https://cardshows.io/shops/the-crypt-providence,high,The Crypt,Providence,RI,https://www.findthecrypt.com/,keep,name and city match
https://cardshows.io/shops/the-dragons-hoard-lawrence,high,The Dragon's Hoard,Lawrence,KS,https://www.dragonshoard.net,keep,name and city match
https://cardshows.io/shops/the-fun-collector-orem,high,The Fun Collector,Orem,UT,https://www.thefuncollector.net/,keep,name and city match
https://cardshows.io/shops/the-game-shelf-kent,high,The Game Shelf,Kent,WA,https://gameshelfwa.com,keep,name and city match
https://cardshows.io/shops/the-game-shoppe-pittsburg,high,The Game Shoppe,Pittsburg,KS,https://thegameshoppe.tcgplayerpro.com,keep,name and city match
https://cardshows.io/shops/the-mighty-meeple-concord,high,Mighty Meeple,Concord,NC,https://mightymeeple.com/,keep,name and city match
https://cardshows.io/shops/the-philly-game-shop-philadelphia,high,The Philly Game Shop,Philadelphia,PA,https://www.phillygameshop.com,keep,name and city match
https://cardshows.io/shops/the-portland-game-store-portland,high,The Portland Game Store,Portland,OR,https://www.theportlandgamestore.com/,keep,name and city match
https://cardshows.io/shops/the-relentless-dragon-nashua,high,Relentless Dragon,Nashua,NH,https://relentlessdragon.com/,keep,name and city match
https://cardshows.io/shops/the-sanctum-tabletop-gaming-emporium-racine,high,The Sanctum Tabletop Gaming Emporium,Racine,WI,https://www.thesanctum.games/,keep,name and city match
https://cardshows.io/shops/the-shop-collectibles-crown-point,high,The Shop Collectibles,Crown Point,IN,https://www.theshopcollectibles.com/,keep,name and city match
https://cardshows.io/shops/the-soldiery-games-cards-columbus,low,The Soldiery Games & Cards,Columbus,OH,https://www.thesoldiery.com/,keep,name and city match
https://cardshows.io/shops/the-sports-card-shop-valparaiso,high,The Sports Card Shop,Valparaiso,IN,https://thesportscardshop.com/,keep,name and city match
https://cardshows.io/shops/the-trainer-court-new-york,high,The Trainer Court,New York,NY,https://www.thetrainercourt.com/,keep,name and city match
https://cardshows.io/shops/third-eye-games-hobbies-annapolis,low,Third Eye Games & Hobbies,Annapolis,MD,https://thirdeyecomics.com/,keep,name and city match
https://cardshows.io/shops/thunder-kitty-games-gifts-portland,low,Thunder Kitty Games & Gifts,Portland,OR,https://thunder-kitty-games-gifts.square.site/,keep,name and city match
https://cardshows.io/shops/total-escape-games-broomfield,high,Total Escape Games,Broomfield,CO,https://www.totalescapegames.com/,keep,name and city match
https://cardshows.io/shops/tower-games-minneapolis,high,Tower Games,Minneapolis,MN,https://www.towergamesmn.com/,keep,name and city match
https://cardshows.io/shops/toys-forever-models-hobbies-muncie,low,Toys Forever Models & Hobbies,Muncie,IN,http://www.toysforeverhobbies.com/,keep,name and city match
https://cardshows.io/shops/treasure-chest-collectibles-lake-forest,high,Treasure Chest Collectibles,Lake Forest,CA,https://treasurechestcollectibles.com/,keep,name and city match
https://cardshows.io/shops/treasure-trove-games-keizer,high,Treasure Trove Games,Keizer,OR,https://treasuretrove.games/,keep,name and city match
https://cardshows.io/shops/turtle-power-games-cedar-rapids,high,Turtle Power Games,Cedar Rapids,IA,https://www.turtle-power-games.com/,keep,name and city match
https://cardshows.io/shops/unboundgames-colorado-springs,high,UnboundGames,Colorado Springs,CO,https://www.unboundgames.shop,keep,name and city match
https://cardshows.io/shops/unplugged-gaming-manlius,high,Unplugged Gaming,Manlius,NY,https://unpluggedgamestore.com,keep,name and city match
https://cardshows.io/shops/untapped-games-pawtucket,high,Untapped Games,Pawtucket,RI,https://www.untappedgames.com/,keep,name and city match
https://cardshows.io/shops/valhalla-hobby-verona,high,Valhalla Hobby,Verona,WI,https://valhallahobby.com/,keep,name and city match
https://cardshows.io/shops/valhallas-gate-games-columbia,high,Valhalla's Gate Games,Columbia,MO,https://www.valhallasgate.com/,keep,name and city match
https://cardshows.io/shops/voltage-video-games-syracuse,high,Voltage Video Games,Syracuse,NY,http://voltagevideogames.com/,keep,name and city match
https://cardshows.io/shops/wethehobby-rochester,high,WeTheHobby,Rochester,NY,https://www.wethehobby.com/,keep,name and city match
https://cardshows.io/shops/wheelhouse-wayne,high,Wheelhouse,Wayne,PA,https://wheelhousecards.com/,keep,name and city match
https://cardshows.io/shops/a-h-games-monroe-monroe,low,A&H Games,Ruston,LA,https://ruston.ah.games/,check,"name matches but OSM location is Ruston, LA"
https://cardshows.io/shops/a-h-games-ruston-ruston,low,A&H Games,Ruston,LA,https://ruston.ah.games/,check,"name matches but OSM location is Ruston, LA"
https://cardshows.io/shops/all-about-games-boise,low,All About Games,Belfast,ME,https://allaboutgamesmaine.com/,check,"name matches but OSM location is Belfast, ME"
https://cardshows.io/shops/all-cs-collectibles-south-centennial,low,All C's Collectibles,Aurora,CO,https://allcscollectibles.com/,check,"name matches but OSM location is Aurora, CO"
https://cardshows.io/shops/artifact-alley-springfield,low,Artifact,Portland,OR,https://www.artifactpdx.com/,check,"one-word name, too generic to trust"
https://cardshows.io/shops/athoria-games-tempe-tempe,low,Athoria Games,Tempe,AZ,https://www.athoriagamestempe.com/,check,"name matches but OSM location is Tempe, AZ"
https://cardshows.io/shops/atlantis-games-comics-norfolk,low,Atlantis Games & Comics,Portsmouth,VA,https://atlantis-comics.com/,check,"name matches but OSM location is Portsmouth, VA"
https://cardshows.io/shops/battle-board-raleigh,low,Battle & Board,,NC,https://www.battleandboard.com,check,"name matches, but OSM gives no city (state NC)"
https://cardshows.io/shops/beckett-collectibles-plano,low,Beckett Collectibles,,TX,https://www.beckett.com/,check,"name matches, but OSM gives no city (state TX)"
https://cardshows.io/shops/bell-book-comic-dayton,low,"Bell, Book, & Comic",,OH,http://bellbookandcomic.com/,check,"name matches, but OSM gives no city (state OH)"
https://cardshows.io/shops/big-brother-comics-sacramento,low,Big Brother Comics,,CA,http://www.bigbrothercomics.net/,check,"name matches, but OSM gives no city (state CA)"
https://cardshows.io/shops/bleecker-trading-new-york,low,Bleecker Trading,,NY,https://bleeckertrading.com,check,"name matches, but OSM gives no city (state NY)"
https://cardshows.io/shops/bleecker-trading-uws-new-york,low,Bleecker Trading,,NY,https://bleeckertrading.com,check,"name matches, but OSM gives no city (state NY)"
https://cardshows.io/shops/cabbages-and-kings-games-peoria-heights,low,Cabbages and Kings Games,,IL,https://www.cabbagesandkings.games/,check,"name matches, but OSM gives no city (state IL)"
https://cardshows.io/shops/card-castle-games-columbus,low,Card Castle Games,,OH,https://www.cardcastlegames.com/,check,"name matches, but OSM gives no city (state OH)"
https://cardshows.io/shops/card-stocks-blue-ash,low,Card Stocks,,OH,https://cardstocks.com/,check,"chain or common name, same website matched 7 locations"
https://cardshows.io/shops/card-stocks-cherry-grove-cincinnati,low,Card Stocks,,OH,https://cardstocks.com/,check,"chain or common name, same website matched 7 locations"
https://cardshows.io/shops/card-stocks-cincinnati,low,Card Stocks,,OH,https://cardstocks.com/,check,"chain or common name, same website matched 7 locations"
https://cardshows.io/shops/card-stocks-cold-spring,low,Card Stocks,,OH,https://cardstocks.com/,check,"chain or common name, same website matched 7 locations"
https://cardshows.io/shops/card-stocks-florence,low,Card Stocks,,OH,https://cardstocks.com/,check,"chain or common name, same website matched 7 locations"
https://cardshows.io/shops/card-stocks-miamisburg,low,Card Stocks,,OH,https://cardstocks.com/,check,"chain or common name, same website matched 7 locations"
https://cardshows.io/shops/card-stocks-monroe,low,Card Stocks,,OH,https://cardstocks.com/,check,"chain or common name, same website matched 7 locations"
https://cardshows.io/shops/cards-and-culture-baton-rouge,low,Cards and Culture,,LA,https://cardsandculture.com/,check,"name matches, but OSM gives no city (state LA)"
https://cardshows.io/shops/cardvault-by-tom-brady-bloomington,low,CardVault by Tom Brady,Saint Louis,MO,https://cardvaultbytombrady.com/,check,"chain or common name, same website matched 7 locations"
https://cardshows.io/shops/cardvault-by-tom-brady-boston,low,CardVault by Tom Brady,Saint Louis,MO,https://cardvaultbytombrady.com/,check,"chain or common name, same website matched 7 locations"
https://cardshows.io/shops/cardvault-by-tom-brady-chicago,low,CardVault by Tom Brady,Saint Louis,MO,https://cardvaultbytombrady.com/,check,"chain or common name, same website matched 7 locations"
https://cardshows.io/shops/cardvault-by-tom-brady-dallas,low,CardVault by Tom Brady,Saint Louis,MO,https://cardvaultbytombrady.com/,check,"chain or common name, same website matched 7 locations"
https://cardshows.io/shops/cardvault-by-tom-brady-east-rutherford,low,CardVault by Tom Brady,Saint Louis,MO,https://cardvaultbytombrady.com/,check,"chain or common name, same website matched 7 locations"
https://cardshows.io/shops/cardvault-by-tom-brady-sacramento,low,CardVault by Tom Brady,Saint Louis,MO,https://cardvaultbytombrady.com/,check,"chain or common name, same website matched 7 locations"
https://cardshows.io/shops/cardvault-by-tom-brady-san-francisco,low,CardVault by Tom Brady,Saint Louis,MO,https://cardvaultbytombrady.com/,check,"chain or common name, same website matched 7 locations"
https://cardshows.io/shops/chalice-collectibles-glendale,low,Chalice Collectibles,,CA,https://chalicecollectibles.com/,check,"name matches, but OSM gives no city (state CA)"
https://cardshows.io/shops/champion-sportscards-collectibles-marietta,low,Champion Sportscards & Collectibles,,GA,https://www.championsportscards.com/,check,"name matches, but OSM gives no city (state GA)"
https://cardshows.io/shops/chaos-games-and-more-pueblo,low,Chaos Games and More,,CO,https://chaosgamesandmore.com/,check,"name matches, but OSM gives no city (state CO)"
https://cardshows.io/shops/chrono-cosmo-fontana,low,Chrono & Cosmo,,CA,https://chronoandcosmo.tcgplayerpro.com/,check,"name matches, but OSM gives no city (state CA)"
https://cardshows.io/shops/clubhouse-cards-pittsburgh,low,Clubhouse Cards,Washington,UT,https://clubhousecards.net/,check,"name matches but OSM location is Washington, UT"
https://cardshows.io/shops/clubhouse-cards-st-george,low,Clubhouse Cards,Washington,UT,https://clubhousecards.net/,check,"name matches but OSM location is Washington, UT"
https://cardshows.io/shops/cm-games-west-town-mall-knoxville,low,CM Games,,TN,https://cardmonstergames.com/,check,"name matches, but OSM gives no city (state TN)"
https://cardshows.io/shops/collectibles-cards-games-addison-addison,low,Collectibles Cards + Games,Flower Mound,TX,https://www.collectiblescardsandgames.com,check,"name matches but OSM location is Flower Mound, TX"
https://cardshows.io/shops/collectibles-cards-games-carrollton-carrollton,low,Collectibles Cards + Games,Flower Mound,TX,https://www.collectiblescardsandgames.com,check,"name matches but OSM location is Flower Mound, TX"
https://cardshows.io/shops/collective-365-llc-lincoln,low,The Collective,,GA,https://thecollectiveasalon.com/,check,"one-word name, too generic to trust"
https://cardshows.io/shops/collective-american-traders-llc-schenectady,low,The Collective,,GA,https://thecollectiveasalon.com/,check,"one-word name, too generic to trust"
https://cardshows.io/shops/collectors-corner-charleston,low,Collectors Corner,Parkville,MD,https://www.collectorscornermd.com/,check,"chain or common name, same website matched 3 locations"
https://cardshows.io/shops/collectors-corner-cranston,low,Collectors Corner,Parkville,MD,https://www.collectorscornermd.com/,check,"chain or common name, same website matched 3 locations"
https://cardshows.io/shops/collectors-corner-nw-bellevue-bellevue,low,Collectors Corner NW,,WA,https://collectorscornernw.com,check,"name matches, but OSM gives no city (state WA)"
https://cardshows.io/shops/collectors-corner-nw-seattle-seattle,low,Collectors Corner NW,,WA,https://collectorscornernw.com,check,"name matches, but OSM gives no city (state WA)"
https://cardshows.io/shops/constellation-collective-sacramento-sacramento,low,Constellation Collective Sacramento,,CA,https://www.competitivecardshack.com/,check,"name matches, but OSM gives no city (state CA)"
https://cardshows.io/shops/cool-stuff-games-augusta-augusta,low,Cool Stuff Games,,FL,http://www.coolstuffgames.com/,check,"chain or common name, same website matched 7 locations"
https://cardshows.io/shops/cool-stuff-games-hollywood-hollywood,low,Cool Stuff Games,,FL,http://www.coolstuffgames.com/,check,"chain or common name, same website matched 7 locations"
https://cardshows.io/shops/cool-stuff-games-jacksonville-jacksonville,low,Cool Stuff Games,,FL,http://www.coolstuffgames.com/,check,"chain or common name, same website matched 7 locations"
https://cardshows.io/shops/cool-stuff-games-maitland-maitland,low,Cool Stuff Games,,FL,http://www.coolstuffgames.com/,check,"chain or common name, same website matched 7 locations"
https://cardshows.io/shops/cool-stuff-games-miami-miami,low,Cool Stuff Games,,FL,http://www.coolstuffgames.com/,check,"chain or common name, same website matched 7 locations"
https://cardshows.io/shops/cool-stuff-games-south-orlando-orlando,low,Cool Stuff Games,,FL,http://www.coolstuffgames.com/,check,"chain or common name, same website matched 7 locations"
https://cardshows.io/shops/cool-stuff-games-tampa-tampa,low,Cool Stuff Games,,FL,http://www.coolstuffgames.com/,check,"chain or common name, same website matched 7 locations"
https://cardshows.io/shops/cosmic-collectibles-monroe,high,Cosmic Collectibles,Monroe,WI,https://m.facebook.com/102101989159971/,check,"social media page, not a website"
https://cardshows.io/shops/cosmic-collectibles-warr-acres,low,Cosmic Collectibles,Oklahoma City,OK,https://cosmicokc.com,check,"name matches but OSM location is Oklahoma City, OK"
https://cardshows.io/shops/cosmic-games-bellingham,low,Cosmic Games,,WA,https://www.cosmicbham.com,check,"name matches, but OSM gives no city (state WA)"
https://cardshows.io/shops/critical-hit-games-st-petersburg,low,Critical Hit Games,,FL,https://criticalhitgames.biz/,check,"name matches, but OSM gives no city (state FL)"
https://cardshows.io/shops/curio-cavern-loisdale-rd-springfield,low,Curio Cavern,,VA,https://www.curiocavern.com/,check,"name matches, but OSM gives no city (state VA)"
https://cardshows.io/shops/curio-cavern-springfield-mall-springfield,low,Curio Cavern,,VA,https://www.curiocavern.com/,check,"name matches, but OSM gives no city (state VA)"
https://cardshows.io/shops/dave-adams-new-york-city-new-york,low,Dave & Adam’s,,NY,https://www.dacardworld.com,check,"name matches, but OSM gives no city (state NY)"
https://cardshows.io/shops/day2-cards-and-games-amarillo,low,Day2 Cards and Games,,TX,https://day2lgs.com/,check,"name matches, but OSM gives no city (state TX)"
https://cardshows.io/shops/deans-cards-cincinnati,low,Deans Cards,Fairfax,OH,https://www.deanscards.com/,check,"name matches but OSM location is Fairfax, OH"
https://cardshows.io/shops/deer-valley-collectibles-anthem,low,Deer Valley Collectibles,Phoenix,AZ,https://www.deervalleycollectibles.com,check,"name matches but OSM location is Phoenix, AZ"
https://cardshows.io/shops/dice-city-games-silver-spring,low,Dice City Games,,MD,https://dicecitygames.tcgplayerpro.com/,check,"name matches, but OSM gives no city (state MD)"
https://cardshows.io/shops/diversions-puzzles-games-portsmouth,low,Diversions Puzzles and Games,South Portland,ME,https://diversionsgames.com/,check,"name matches but OSM location is South Portland, ME"
https://cardshows.io/shops/diversions-puzzles-games-somersworth,low,Diversions Puzzles and Games,South Portland,ME,https://diversionsgames.com/,check,"name matches but OSM location is South Portland, ME"
https://cardshows.io/shops/dragons-hoard-greensboro,low,Dragon's Hoard,,NC,https://www.dragonshoardnc.com/,check,"name matches, but OSM gives no city (state NC)"
https://cardshows.io/shops/dragons-lair-comics-and-fantasy-austin,low,Dragon's Lair Comics & Fantasy Austin,Austin,TX,https://dlair.net/austin/,check,"name matches but OSM location is Austin, TX"
https://cardshows.io/shops/dragons-lair-comics-and-fantasy-houston,low,Dragon's Lair Comics & Fantasy,,TX,https://www.dlair.net/,check,"name matches, but OSM gives no city (state TX)"
https://cardshows.io/shops/dreamers-vault-games-burnsville-burnsville,low,Dreamer's Vault Games,,MN,https://www.dreamersvault.com/,check,"chain or common name, same website matched 6 locations"
https://cardshows.io/shops/dreamers-vault-games-champlin,low,Dreamer's Vault Games,,MN,https://www.dreamersvault.com/,check,"chain or common name, same website matched 6 locations"
https://cardshows.io/shops/dreamers-vault-games-minneapolis-minneapolis,low,Dreamer's Vault Games,,MN,https://www.dreamersvault.com/,check,"chain or common name, same website matched 6 locations"
https://cardshows.io/shops/dreamers-vault-games-roseville-roseville,low,Dreamer's Vault Games,,MN,https://www.dreamersvault.com/,check,"chain or common name, same website matched 6 locations"
https://cardshows.io/shops/dreamers-vault-games-saint-louis-park-st-louis-park,low,Dreamer's Vault Games,,MN,https://www.dreamersvault.com/,check,"chain or common name, same website matched 6 locations"
https://cardshows.io/shops/dreamers-vault-games-south-saint-paul-south-st-paul,low,Dreamer's Vault Games,,MN,https://www.dreamersvault.com/,check,"chain or common name, same website matched 6 locations"
https://cardshows.io/shops/duke-city-games-devargas-center-santa-fe,low,Duke City Games,Albuquerque,NM,https://dukecity.games,check,"name matches but OSM location is Albuquerque, NM"
https://cardshows.io/shops/duke-city-games-high-st-albuquerque,low,Duke City Games,Albuquerque,NM,https://dukecity.games,check,"name matches but OSM location is Albuquerque, NM"
https://cardshows.io/shops/duke-city-games-rio-rancho-rio-rancho,low,Duke City Games,Albuquerque,NM,https://dukecity.games,check,"name matches but OSM location is Albuquerque, NM"
https://cardshows.io/shops/duke-city-games-santa-fe-santa-fe,low,Duke City Games,Albuquerque,NM,https://dukecity.games,check,"name matches but OSM location is Albuquerque, NM"
https://cardshows.io/shops/east-coast-card-collector-inc-hopewell-junction,low,East Coast Card Collector,,NY,https://eastcoastcardcollector.com/,check,"name matches, but OSM gives no city (state NY)"
https://cardshows.io/shops/elite-cardboard-gaming-durham,low,Elite Cardboard Gaming,,NC,http://elitecardboardgaming.com/,check,"name matches, but OSM gives no city (state NC)"
https://cardshows.io/shops/elm-city-games-new-haven,low,Elm City Games,,CT,https://elmcitygames.com/,check,"name matches, but OSM gives no city (state CT)"
https://cardshows.io/shops/entertainmart-colorado-springs,low,EntertainMART,Grand Junction,CO,https://entertainmart.com/,check,"one-word name, too generic to trust"
https://cardshows.io/shops/epic-loot-games-centerville,low,Epic Loot Games,,OH,https://epiclootgames.com/,check,"name matches, but OSM gives no city (state OH)"
https://cardshows.io/shops/express-tcg-harlem,low,Express TCG,,SC,https://expresstcg.com/,check,"name matches, but OSM gives no city (state SC)"
https://cardshows.io/shops/express-tcg-north-augusta,low,Express TCG,,SC,https://expresstcg.com/,check,"name matches, but OSM gives no city (state SC)"
https://cardshows.io/shops/fastbreak-sports-springfield,low,Fastbreak Sports,Derry,NH,http://fastbreaksports.com/,check,"name matches but OSM location is Derry, NH"
https://cardshows.io/shops/firefly-toys-games-columbia,low,Firefly Toys and Games,,SC,https://www.fireflytoysandgames.com/,check,"name matches, but OSM gives no city (state SC)"
https://cardshows.io/shops/funagain-games-eugene,low,Funagain Games,,OR,https://funagain.com/pages/funagain-eugene,check,"name matches, but OSM gives no city (state OR)"
https://cardshows.io/shops/galaxy-games-llc-palm-bay,low,Galaxy Games,,MN,https://www.facebook.com/GalaxyGamesEaganMN/,check,"social media page, not a website"
https://cardshows.io/shops/galaxy-of-games-billings,low,Galaxy Games,,MN,https://www.facebook.com/GalaxyGamesEaganMN/,check,"social media page, not a website"
https://cardshows.io/shops/game-corner-san-jose,low,The Game Corner,Cedar City,UT,https://www.thegamecornergames.com/,check,"name matches but OSM location is Cedar City, UT"
https://cardshows.io/shops/game-exchange-north-little-rock,low,Game Exchange,,AR,https://www.gogamexchange.com/stores/arkansas/south-fayetteville/,check,"name matches, but OSM gives no city (state AR)"
https://cardshows.io/shops/game-grid-idaho-falls-idaho-falls,low,Game Grid,Lehi,UT,https://store.gglehi.com/,check,"chain or common name, same website matched 4 locations"
https://cardshows.io/shops/game-grid-layton-layton,low,Game Grid,Lehi,UT,https://store.gglehi.com/,check,"chain or common name, same website matched 4 locations"
https://cardshows.io/shops/game-grid-lehi-lehi,low,Game Grid,Lehi,UT,https://store.gglehi.com/,check,"chain or common name, same website matched 4 locations"
https://cardshows.io/shops/game-grid-ogden-ogden,low,Game Grid,Lehi,UT,https://store.gglehi.com/,check,"chain or common name, same website matched 4 locations"
https://cardshows.io/shops/game-haven-herriman-herriman,low,Game Haven,,UT,https://yourgamehaven.com/,check,"chain or common name, same website matched 7 locations"
https://cardshows.io/shops/game-haven-rochester,low,Game Haven,,UT,https://yourgamehaven.com/,check,"chain or common name, same website matched 7 locations"
https://cardshows.io/shops/game-haven-sandy-sandy,low,Game Haven,,UT,https://yourgamehaven.com/,check,"chain or common name, same website matched 7 locations"
https://cardshows.io/shops/game-haven-st-george-st-george,low,Game Haven,,UT,https://yourgamehaven.com/,check,"chain or common name, same website matched 7 locations"
https://cardshows.io/shops/game-haven-west-jordan-west-jordan,low,Game Haven,,UT,https://yourgamehaven.com/,check,"chain or common name, same website matched 7 locations"
https://cardshows.io/shops/game-kastle-austin-austin,low,Game Kastle,,CA,https://gamekastle.com/,check,"chain or common name, same website matched 6 locations"
https://cardshows.io/shops/game-kastle-college-park-college-park,low,Game Kastle,,CA,https://gamekastle.com/,check,"chain or common name, same website matched 6 locations"
https://cardshows.io/shops/game-kastle-fremont-fremont,low,Game Kastle,,CA,https://gamekastle.com/,check,"chain or common name, same website matched 6 locations"
https://cardshows.io/shops/game-kastle-greenville-taylors,low,Game Kastle,,CA,https://gamekastle.com/,check,"chain or common name, same website matched 6 locations"
https://cardshows.io/shops/game-kastle-reno-reno,low,Game Kastle,,CA,https://gamekastle.com/,check,"chain or common name, same website matched 6 locations"
https://cardshows.io/shops/game-kastle-santa-clara-santa-clara,low,Game Kastle,,CA,https://gamekastle.com/,check,"chain or common name, same website matched 6 locations"
https://cardshows.io/shops/game-knights-killeen,low,Game Knights,Shepherdstown,WV,https://www.gameknightsshepherdstown.com/,check,"name matches but OSM location is Shepherdstown, WV"
https://cardshows.io/shops/game-masters-casper-casper,low,Game Masters,Pittsburgh,PA,https://gamemasterspgh.com,check,"name matches but OSM location is Pittsburgh, PA"
https://cardshows.io/shops/game-masters-cheyenne,low,Game Masters,Pittsburgh,PA,https://gamemasterspgh.com,check,"name matches but OSM location is Pittsburgh, PA"
https://cardshows.io/shops/game-nut-entertainment-mass-st-location-lawrence,low,Game Nut Entertainment,Lawrence,KS,https://gamenut.tcgplayerpro.com,check,"name matches but OSM location is Lawrence, KS"
https://cardshows.io/shops/game-nut-entertainment-topeka,low,Game Nut Entertainment,Lawrence,KS,https://gamenut.tcgplayerpro.com,check,"name matches but OSM location is Lawrence, KS"
https://cardshows.io/shops/game-on-clifton,low,Game On,Canby,OR,http://www.gamestarinc.net/,check,"chain or common name, same website matched 6 locations"
https://cardshows.io/shops/game-on-cottonwood,low,Game On,Canby,OR,http://www.gamestarinc.net/,check,"chain or common name, same website matched 6 locations"
https://cardshows.io/shops/game-on-duluth,low,Game On,Canby,OR,http://www.gamestarinc.net/,check,"chain or common name, same website matched 6 locations"
https://cardshows.io/shops/game-on-kearney,low,Game On,Canby,OR,http://www.gamestarinc.net/,check,"chain or common name, same website matched 6 locations"
https://cardshows.io/shops/game-on-rochester,low,Game On,Canby,OR,http://www.gamestarinc.net/,check,"chain or common name, same website matched 6 locations"
https://cardshows.io/shops/game-on-warwick,low,Game On,Canby,OR,http://www.gamestarinc.net/,check,"chain or common name, same website matched 6 locations"
https://cardshows.io/shops/game-post-of-san-francisco-san-francisco,low,Game Post,San Francisco,CA,https://sfgamepost.com/,check,"name matches but OSM location is San Francisco, CA"
https://cardshows.io/shops/game-theory-duraleigh-raleigh,low,Game Theory,Raleigh,NC,https://www.gametheorystore.com/,check,"name matches but OSM location is Raleigh, NC"
https://cardshows.io/shops/game-x-change-brandon,low,Game X Change,,TN,https://www.gogamexchange.com/stores/tennessee/bartlett/,check,"chain or common name, same website matched 5 locations"
https://cardshows.io/shops/game-x-change-conway,low,Game X Change,,TN,https://www.gogamexchange.com/stores/tennessee/bartlett/,check,"chain or common name, same website matched 5 locations"
https://cardshows.io/shops/game-x-change-jackson,low,Game X Change,,TN,https://www.gogamexchange.com/stores/tennessee/bartlett/,check,"chain or common name, same website matched 5 locations"
https://cardshows.io/shops/game-x-change-killeen,low,Game X Change,,TN,https://www.gogamexchange.com/stores/tennessee/bartlett/,check,"chain or common name, same website matched 5 locations"
https://cardshows.io/shops/game-x-change-mckinney-mckinney,low,Game X Change,,TN,https://www.gogamexchange.com/stores/tennessee/bartlett/,check,"chain or common name, same website matched 5 locations"
https://cardshows.io/shops/gamebound-video-games-llc-renton,low,Gamebound Video Games,Kent,WA,https://www.gameboundvideogames.com/,check,"name matches but OSM location is Kent, WA"
https://cardshows.io/shops/gamers-corps-jacksonville-fl-fruit-cove,low,Gamers-Corps,Ellicott City,MD,https://www.gamers-corps.com/,check,"name matches but OSM location is Ellicott City, MD"
https://cardshows.io/shops/gamers-guild-az-tempe-tempe,low,Gamers Guild,,CO,https://gamersguildboulder.com/,check,"chain or common name, same website matched 4 locations"
https://cardshows.io/shops/gamers-guild-boulder,low,Gamers Guild,,CO,https://gamersguildboulder.com/,check,"chain or common name, same website matched 4 locations"
https://cardshows.io/shops/gamers-guild-sc-hanahan,low,Gamers Guild,,CO,https://gamersguildboulder.com/,check,"chain or common name, same website matched 4 locations"
https://cardshows.io/shops/gamers-guild-spring-lake,low,Gamers Guild,,CO,https://gamersguildboulder.com/,check,"chain or common name, same website matched 4 locations"
https://cardshows.io/shops/gamers-haven-colorado-springs,low,Gamer’s Haven,,WA,https://thegamershaven.net/,check,"chain or common name, same website matched 4 locations"
https://cardshows.io/shops/gamers-haven-llc-jonesboro,low,Gamer’s Haven,,WA,https://thegamershaven.net/,check,"chain or common name, same website matched 4 locations"
https://cardshows.io/shops/gamers-haven-parma-heights,low,Gamer’s Haven,,WA,https://thegamershaven.net/,check,"chain or common name, same website matched 4 locations"
https://cardshows.io/shops/games-by-james-bloomington,low,Games by James,,MN,https://gamesbyjames.com,check,"chain or common name, same website matched 4 locations"
https://cardshows.io/shops/games-by-james-eau-claire,low,Games by James,,MN,https://gamesbyjames.com,check,"chain or common name, same website matched 4 locations"
https://cardshows.io/shops/games-by-james-minnetonka,low,Games by James,,MN,https://gamesbyjames.com,check,"chain or common name, same website matched 4 locations"
https://cardshows.io/shops/games-by-james-rochester,low,Games by James,,MN,https://gamesbyjames.com,check,"chain or common name, same website matched 4 locations"
https://cardshows.io/shops/games-workshop-franklin,low,Games Workshop,Columbia,MD,https://www.games-workshop.com/,check,"name matches but OSM location is Columbia, MD"
https://cardshows.io/shops/games-workshop-kent,low,Games Workshop,Columbia,MD,https://www.games-workshop.com/,check,"name matches but OSM location is Columbia, MD"
https://cardshows.io/shops/gamescape-mt-vernon,low,Gamescape,,CA,https://www.gamescapesf.com/,check,"one-word name, too generic to trust"
https://cardshows.io/shops/gamescape-san-francisco,low,Gamescape,,CA,https://www.gamescapesf.com/,check,"one-word name, too generic to trust"
https://cardshows.io/shops/gamescape-tallahassee,low,Gamescape,,CA,https://www.gamescapesf.com/,check,"one-word name, too generic to trust"
https://cardshows.io/shops/gamezenter-roseville,low,Gamezenter,,MN,https://gamezenter.com/,check,"one-word name, too generic to trust"
https://cardshows.io/shops/gaming-underground-llc-archdale,low,"Gaming Underground, LLC",,NC,https://www.gamingundergroundllc.com/,check,"name matches, but OSM gives no city (state NC)"
https://cardshows.io/shops/gear-gaming-bentonville-bentonville,low,Gear Gaming,Fayetteville,AR,https://fayetteville.geargaming.com/,check,"chain or common name, same website matched 3 locations"
https://cardshows.io/shops/gear-gaming-birmingham,low,Gear Gaming,Fayetteville,AR,https://fayetteville.geargaming.com/,check,"chain or common name, same website matched 3 locations"
https://cardshows.io/shops/gear-gaming-fayetteville-fayetteville,low,Gear Gaming,Fayetteville,AR,https://fayetteville.geargaming.com/,check,"chain or common name, same website matched 3 locations"
https://cardshows.io/shops/get-some-game-charlotte,low,Get Some Game,,NC,https://getsomegame.square.site,check,"name matches, but OSM gives no city (state NC)"
https://cardshows.io/shops/goback-gaming-fresno,high,GoBack Gaming,Fresno,CA,https://www.facebook.com/GoBackGames,check,"social media page, not a website"
https://cardshows.io/shops/gongaii-games-beaverton,low,Gongaii Games,,OR,https://gongaii.com/,check,"name matches, but OSM gives no city (state OR)"
https://cardshows.io/shops/good-games-chicago-chicago,low,Good Games,,IN,https://www.goodgamesna.com/venue/good-games-indianapolis,check,"name matches, but OSM gives no city (state IN)"
https://cardshows.io/shops/good-games-indianapolis-indianapolis,low,Good Games,,IN,https://www.goodgamesna.com/venue/good-games-indianapolis,check,"name matches, but OSM gives no city (state IN)"
https://cardshows.io/shops/grandmaster-games-boulder-co-boulder,low,Grandmaster Games,,CO,https://grandmastergames.net,check,"name matches, but OSM gives no city (state CO)"
https://cardshows.io/shops/grandmaster-games-indianapolis,low,Grandmaster Games,,CO,https://grandmastergames.net,check,"name matches, but OSM gives no city (state CO)"
https://cardshows.io/shops/grognard-games-batavia-batavia,low,Grognard Games,,IL,https://grognardgames.com/,check,"name matches, but OSM gives no city (state IL)"
https://cardshows.io/shops/ground-zero-comics-strongsville,low,Ground Zero Comics,,OH,https://groundzerocomicsandcards.com/,check,"name matches, but OSM gives no city (state OH)"
https://cardshows.io/shops/guardian-games-aloha-aloha,low,Guardian Games,Beaverton,OR,https://ggportland.com/aloha-2/,check,"name matches but OSM location is Beaverton, OR"
https://cardshows.io/shops/guardian-games-kennewick,low,Guardian Games,Beaverton,OR,https://ggportland.com/aloha-2/,check,"name matches but OSM location is Beaverton, OR"
https://cardshows.io/shops/hammerhead-games-sacramento,low,Hammerhead Games,,CA,https://shop.hammerheadgames.net,check,"name matches, but OSM gives no city (state CA)"
https://cardshows.io/shops/heroes-collectables-houston,low,Heroes,Campbell,CA,https://www.heroescomicbooks.com/index.cfm,check,"one-word name, too generic to trust"
https://cardshows.io/shops/heroes-hideout-of-sumter-sumter,low,Heroes,Campbell,CA,https://www.heroescomicbooks.com/index.cfm,check,"one-word name, too generic to trust"
https://cardshows.io/shops/heroes-hideout-san-antonio,low,Heroes,Campbell,CA,https://www.heroescomicbooks.com/index.cfm,check,"one-word name, too generic to trust"
https://cardshows.io/shops/hidden-treasures-lombard,low,Hidden Treasures,,PA,https://citymission.org/,check,"name matches, but OSM gives no city (state PA)"
https://cardshows.io/shops/hobbytown-bowling-green,low,HobbyTown,Colorado Springs,CO,https://www.hobbytown.com/colorado-springs-south-co/l72,check,"one-word name, too generic to trust"
https://cardshows.io/shops/hobbytown-evansville,low,HobbyTown,Colorado Springs,CO,https://www.hobbytown.com/colorado-springs-south-co/l72,check,"one-word name, too generic to trust"
https://cardshows.io/shops/hobbytown-fairfield,low,HobbyTown,Colorado Springs,CO,https://www.hobbytown.com/colorado-springs-south-co/l72,check,"one-word name, too generic to trust"
https://cardshows.io/shops/hobbytown-johnson-city,low,HobbyTown,Colorado Springs,CO,https://www.hobbytown.com/colorado-springs-south-co/l72,check,"one-word name, too generic to trust"
https://cardshows.io/shops/hobbytown-kennewick,low,HobbyTown,Colorado Springs,CO,https://www.hobbytown.com/colorado-springs-south-co/l72,check,"one-word name, too generic to trust"
https://cardshows.io/shops/hobbytown-lincoln,low,HobbyTown,Colorado Springs,CO,https://www.hobbytown.com/colorado-springs-south-co/l72,check,"one-word name, too generic to trust"
https://cardshows.io/shops/hobbytown-mobile,low,HobbyTown,Colorado Springs,CO,https://www.hobbytown.com/colorado-springs-south-co/l72,check,"one-word name, too generic to trust"
https://cardshows.io/shops/hobbytown-north-little-rock,low,HobbyTown,Colorado Springs,CO,https://www.hobbytown.com/colorado-springs-south-co/l72,check,"one-word name, too generic to trust"
https://cardshows.io/shops/hobbytown-toms-river-toms-river,low,HobbyTown,Colorado Springs,CO,https://www.hobbytown.com/colorado-springs-south-co/l72,check,"one-word name, too generic to trust"
https://cardshows.io/shops/hobbytown-tukwila,low,HobbyTown,Colorado Springs,CO,https://www.hobbytown.com/colorado-springs-south-co/l72,check,"one-word name, too generic to trust"
https://cardshows.io/shops/hobbytown-westminster,low,HobbyTown,Colorado Springs,CO,https://www.hobbytown.com/colorado-springs-south-co/l72,check,"one-word name, too generic to trust"
https://cardshows.io/shops/house-of-cards-collectables-portland,low,House of Cards,,NC,https://www.wshouseofcards.com/,check,"chain or common name, same website matched 7 locations"
https://cardshows.io/shops/house-of-cards-cranston,low,House of Cards,,NC,https://www.wshouseofcards.com/,check,"chain or common name, same website matched 7 locations"
https://cardshows.io/shops/house-of-cards-el-paso,low,House of Cards,,NC,https://www.wshouseofcards.com/,check,"chain or common name, same website matched 7 locations"
https://cardshows.io/shops/house-of-cards-lebanon,low,House of Cards,,NC,https://www.wshouseofcards.com/,check,"chain or common name, same website matched 7 locations"
https://cardshows.io/shops/house-of-cards-nola-metairie,low,House of Cards,,NC,https://www.wshouseofcards.com/,check,"chain or common name, same website matched 7 locations"
https://cardshows.io/shops/house-of-cards-silver-spring,low,House of Cards,,NC,https://www.wshouseofcards.com/,check,"chain or common name, same website matched 7 locations"
https://cardshows.io/shops/house-of-cards-winston-salem,low,House of Cards,,NC,https://www.wshouseofcards.com/,check,"chain or common name, same website matched 7 locations"
https://cardshows.io/shops/in-the-zone-gaming-erie,low,In The Zone Gaming,Ashtabula,OH,https://www.itzgames.com,check,"name matches but OSM location is Ashtabula, OH"
https://cardshows.io/shops/its-your-move-lakewood,low,It's Your Move,,CA,http://www.itsyourmoveoakland.com,check,"name matches, but OSM gives no city (state CA)"
https://cardshows.io/shops/its-your-move-lone-tree,low,It's Your Move,,CA,http://www.itsyourmoveoakland.com,check,"name matches, but OSM gives no city (state CA)"
https://cardshows.io/shops/jays-cd-and-hobby-west-des-moines,low,Jay's CD and Hobby,Des Moines,IA,http://www.jayscdandhobby.com/,check,"name matches but OSM location is Des Moines, IA"
https://cardshows.io/shops/jerseys-cards-comics-llc-hampton,low,Jersey's Cards & Comics LLC,Hayes,VA,https://www.jerseyscc.com/,check,"name matches but OSM location is Hayes, VA"
https://cardshows.io/shops/jerseys-cards-comics-llc-yorktown,low,Jersey's Cards & Comics LLC,Hayes,VA,https://www.jerseyscc.com/,check,"name matches but OSM location is Hayes, VA"
https://cardshows.io/shops/joshs-toys-games-manchester,low,Josh's Toys & Games,Nashua,NH,https://joshstoysandgames.com/,check,"name matches but OSM location is Nashua, NH"
https://cardshows.io/shops/just-games-rochester-rochester,low,Just Games,Rochester,NY,https://www.justgamesrochester.com/,check,"name matches but OSM location is Rochester, NY"
https://cardshows.io/shops/level-up-games-athens-athens,low,Level Up Games,,MN,https://www.levelupgamesmn.com/,check,"chain or common name, same website matched 6 locations"
https://cardshows.io/shops/level-up-games-duluth,low,Level Up Games,,MN,https://www.levelupgamesmn.com/,check,"chain or common name, same website matched 6 locations"
https://cardshows.io/shops/level-up-games-glen-burnie,low,Level Up Games,,MN,https://www.levelupgamesmn.com/,check,"chain or common name, same website matched 6 locations"
https://cardshows.io/shops/level-up-games-hastings,low,Level Up Games,,MN,https://www.levelupgamesmn.com/,check,"chain or common name, same website matched 6 locations"
https://cardshows.io/shops/level-up-games-johns-creek-alpharetta,low,Level Up Games,,MN,https://www.levelupgamesmn.com/,check,"chain or common name, same website matched 6 locations"
https://cardshows.io/shops/level-up-games-minneapolis,low,Level Up Games,,MN,https://www.levelupgamesmn.com/,check,"chain or common name, same website matched 6 locations"
https://cardshows.io/shops/level-up-lounge-st-george,low,Level Up,Sanata Cruz,CA,https://levelupvideogames.com/,check,"chain or common name, same website matched 3 locations"
https://cardshows.io/shops/level-up-saint-paul-st-paul,low,Level Up,Sanata Cruz,CA,https://levelupvideogames.com/,check,"chain or common name, same website matched 3 locations"
https://cardshows.io/shops/level-up-superior-superior,low,Level Up,Sanata Cruz,CA,https://levelupvideogames.com/,check,"chain or common name, same website matched 3 locations"
https://cardshows.io/shops/lodestone-coffee-and-games-llc-minnetonka,low,Lodestone Coffee and Games,,MN,http://www.lodestonecoffeeandgames.com/,check,"name matches, but OSM gives no city (state MN)"
https://cardshows.io/shops/main-drag-vintage-collectibles-north-st-paul,low,Main Drag Vintage & Collectibles,Saint Paul,MN,https://www.maindragvintage.com,check,"name matches but OSM location is Saint Paul, MN"
https://cardshows.io/shops/mana-core-providence-providence,low,Mana Core,Providence,RI,https://themanacore.com,check,"name matches but OSM location is Providence, RI"
https://cardshows.io/shops/meep-meepletons-world-of-fun-madison,low,Meep Meepleton's World of Fun,,WI,https://www.meepmeepletons.com/,check,"name matches, but OSM gives no city (state WI)"
https://cardshows.io/shops/mega-replay-evansville,low,Mega Replay,,GA,https://www.discreplay.com/kennesaw,check,"name matches, but OSM gives no city (state GA)"
https://cardshows.io/shops/miniature-market-rock-hill-st-louis,low,Miniature Market,,MO,https://www.miniaturemarket.com/,check,"name matches, but OSM gives no city (state MO)"
https://cardshows.io/shops/missingno-games-appleton,low,MissingNo. Games,Green Bay,WI,https://missingnogames.com,check,"name matches but OSM location is Green Bay, WI"
https://cardshows.io/shops/mission-board-games-kc-north-kansas-city,low,Mission: Board Games,Kansas City,MO,https://www.missionboardgames.com/,check,"name matches but OSM location is Kansas City, MO"
https://cardshows.io/shops/mission-board-games-mission-mission,low,Mission: Board Games,Kansas City,MO,https://www.missionboardgames.com/,check,"name matches but OSM location is Kansas City, MO"
https://cardshows.io/shops/mox-boarding-house-chandler,low,Mox Boarding House,Portland,OR,https://www.moxboardinghouse.com/portland/,check,"name matches but OSM location is Portland, OR"
https://cardshows.io/shops/mox-mania-llc-madison,low,Mox Mania,,WI,https://www.moxmania.com/,check,"name matches, but OSM gives no city (state WI)"
https://cardshows.io/shops/new-york-roadshow-bronxville,low,New York Roadshow,,NY,https://roadshowcards.com/,check,"name matches, but OSM gives no city (state NY)"
https://cardshows.io/shops/odyssey-games-kalamazoo,low,Odyssey Games,Pasadena,CA,https://odysseygamesco.com/,check,"name matches but OSM location is Pasadena, CA"
https://cardshows.io/shops/odyssey-games-pasadena-pasadena,low,Odyssey Games,Pasadena,CA,https://odysseygamesco.com/,check,"name matches but OSM location is Pasadena, CA"
https://cardshows.io/shops/on-deck-greensboro,low,On Deck,,NC,https://ondecktcg.com/,check,"name matches, but OSM gives no city (state NC)"
https://cardshows.io/shops/one-drop-game-shop-wichita,low,One Drop Game Shop,,KS,https://onedropgameshop.com/,check,"name matches, but OSM gives no city (state KS)"
https://cardshows.io/shops/one-for-all-games-peoria,low,One for All Games,,IL,https://oneforallgames.carrd.co/,check,"name matches, but OSM gives no city (state IL)"
https://cardshows.io/shops/pair-o-dice-games-bellingham,low,Pair o' Dice Games,,WA,https://www.pairodice.games/,check,"name matches, but OSM gives no city (state WA)"
https://cardshows.io/shops/pats-games-austin,low,Pat's Games,,TX,https://www.patsgames.com/,check,"name matches, but OSM gives no city (state TX)"
https://cardshows.io/shops/phoenix-games-fridley,low,Phoenix Games,,MN,http://www.phoenixgamesonline.com/,check,"name matches, but OSM gives no city (state MN)"
https://cardshows.io/shops/play-and-display-scarsdale,low,Play,Chicago,IL,https://playtoysandbooks.com,check,"one-word name, too generic to trust"
https://cardshows.io/shops/play-more-games-gaithersburg,low,Play More Games,,MD,https://www.playmoregamestore.com/,check,"name matches, but OSM gives no city (state MD)"
https://cardshows.io/shops/play-or-draw-avondale,low,Play,Chicago,IL,https://playtoysandbooks.com,check,"one-word name, too generic to trust"
https://cardshows.io/shops/play-or-draw-surprise,low,Play,Chicago,IL,https://playtoysandbooks.com,check,"one-word name, too generic to trust"
https://cardshows.io/shops/pop-culture-archives-new-brighton,low,Pop Culture,,NH,https://popculturenh.com/,check,"name matches, but OSM gives no city (state NH)"
https://cardshows.io/shops/pop-culture-rama-gainesville,low,Pop Culture,,NH,https://popculturenh.com/,check,"name matches, but OSM gives no city (state NH)"
https://cardshows.io/shops/prism-games-chicago-chicago,low,Prism Games,Chicago,IL,https://www.prismgameschicago.com/,check,"name matches but OSM location is Chicago, IL"
https://cardshows.io/shops/quantum-sports-llc-modesto,low,Quantum Sports,Cleveland,TN,https://qsportsgroup.com/,check,"name matches but OSM location is Cleveland, TN"
https://cardshows.io/shops/rally-house-arena-village-fayetteville,low,Rally House,Pottstown,PA,https://www.rallyhouse.com/stores/pottstown/18-lightcap-road,check,"chain or common name, same website matched 4 locations"
https://cardshows.io/shops/rally-house-boardman-boardman,low,Rally House,Pottstown,PA,https://www.rallyhouse.com/stores/pottstown/18-lightcap-road,check,"chain or common name, same website matched 4 locations"
https://cardshows.io/shops/rally-house-outlets-of-little-rock-little-rock,low,Rally House,Pottstown,PA,https://www.rallyhouse.com/stores/pottstown/18-lightcap-road,check,"chain or common name, same website matched 4 locations"
https://cardshows.io/shops/rally-house-tamarack-village-woodbury,low,Rally House,Pottstown,PA,https://www.rallyhouse.com/stores/pottstown/18-lightcap-road,check,"chain or common name, same website matched 4 locations"
https://cardshows.io/shops/red-castle-games-portland,low,Red Castle Games,,OR,https://redcastlegames.com,check,"name matches, but OSM gives no city (state OR)"
https://cardshows.io/shops/red-rose-sports-cards-lancaster,low,Red Rose Sports Cards,,PA,https://www.redrosesportscards.com,check,"name matches, but OSM gives no city (state PA)"
https://cardshows.io/shops/retro-games-plus-huntington-beach,low,Retro Games Plus,,CA,https://retrogamesplus.com/,check,"name matches, but OSM gives no city (state CA)"
https://cardshows.io/shops/robins-nest-rockford,low,Robin’s Nest,Loxley,AL,https://robinsnestloxley.com/,check,"name matches but OSM location is Loxley, AL"
https://cardshows.io/shops/sd-sports-cards-poway,low,SD Sports Cards,San Diego,CA,https://sdsportscards.com/,check,"name matches but OSM location is San Diego, CA"
https://cardshows.io/shops/simplicity-esports-garland,low,Simplicity,,NY,https://www.simplicitygoods.com/index.html,check,"one-word name, too generic to trust"
https://cardshows.io/shops/slabbed-sports-cards-west-chester-township,low,Slabbed Sports Cards,West Chester,OH,https://www.slabbedsports.com/,check,"name matches but OSM location is West Chester, OH"
https://cardshows.io/shops/sports-treasures-knoxville,low,Sports Treasures,,CA,https://sportstreasures.com/index.php/store-locations/san-bernardino-county/san-bernardino,check,"name matches, but OSM gives no city (state CA)"
https://cardshows.io/shops/sports-treasures-rancho-cucamonga,low,Sports Treasures,,CA,https://sportstreasures.com/index.php/store-locations/san-bernardino-county/san-bernardino,check,"name matches, but OSM gives no city (state CA)"
https://cardshows.io/shops/sports-world-specialties-pittsburgh,low,Sports World,Eureka,CA,https://www.facebook.com/pages/The-Sports-World/100296146696486,check,"social media page, not a website"
https://cardshows.io/shops/sportsmania-raleigh,low,SportsMania,Huntsville,AL,https://www.facebook.com/SportsmaniaJonesValley/,check,"social media page, not a website"
https://cardshows.io/shops/tabletop-gaming-center-newington,low,TableTop Gaming,Syracuse,NY,https://ttgaming.quest/,check,"name matches but OSM location is Syracuse, NY"
https://cardshows.io/shops/tectonic-comics-games-aberdeen,low,Tectonic Comics & Games,,WA,https://tectoniccomics.tcgplayerpro.com/,check,"name matches, but OSM gives no city (state WA)"
https://cardshows.io/shops/the-armoury-wargames-and-hobbies-fairhaven,low,The Armoury Wargames and Hobbies,,MA,https://www.thearmourywh.com,check,"name matches, but OSM gives no city (state MA)"
https://cardshows.io/shops/the-booster-box-trading-card-games-virginia-beach,low,The Booster Box Trading Card Games,,VA,https://theboosterbox.com/,check,"name matches, but OSM gives no city (state VA)"
https://cardshows.io/shops/the-castle-games-bloomington,low,Castle of Games,Springfield,OR,https://castleofgames.com,check,"name matches but OSM location is Springfield, OR"
https://cardshows.io/shops/the-collectors-corner-kennewick,low,Collectors Corner,Parkville,MD,https://www.collectorscornermd.com/,check,"chain or common name, same website matched 3 locations"
https://cardshows.io/shops/the-comic-dimension-greensboro,low,The Comic Dimension,,NC,https://www.thecomicdimension.com,check,"name matches, but OSM gives no city (state NC)"
https://cardshows.io/shops/the-compleat-strategist-new-york,low,The Compleat Strategist,,NY,https://www.thecompleatstrategist.com,check,"name matches, but OSM gives no city (state NY)"
https://cardshows.io/shops/the-dragons-hoard-murfreesboro,low,Dragon's Hoard,,NC,https://www.dragonshoardnc.com/,check,"name matches, but OSM gives no city (state NC)"
https://cardshows.io/shops/the-game-haven-pikesville,low,Game Haven,,UT,https://yourgamehaven.com/,check,"chain or common name, same website matched 7 locations"
https://cardshows.io/shops/the-game-haven-riverside,low,Game Haven,,UT,https://yourgamehaven.com/,check,"chain or common name, same website matched 7 locations"
https://cardshows.io/shops/the-game-shoppe-bellevue,low,The Game Shoppe,Pittsburg,KS,https://thegameshoppe.tcgplayerpro.com,check,"name matches but OSM location is Pittsburg, KS"
https://cardshows.io/shops/the-game-shoppe-omaha,low,The Game Shoppe,Pittsburg,KS,https://thegameshoppe.tcgplayerpro.com,check,"name matches but OSM location is Pittsburg, KS"
https://cardshows.io/shops/the-gamers-haven-spokane,low,Gamer’s Haven,,WA,https://thegamershaven.net/,check,"chain or common name, same website matched 4 locations"
https://cardshows.io/shops/the-mana-vault-mke-st-francis,low,The Mana Vault,Saint Francis,WI,https://themanavault.com/,check,"name matches but OSM location is Saint Francis, WI"
https://cardshows.io/shops/the-nexus-collector-market-gainesville,low,The Nexus - Collector Market,,FL,https://www.ontreasure.com/u/thenexusgnv,check,"name matches, but OSM gives no city (state FL)"
https://cardshows.io/shops/the-sports-card-shop-new-buffalo,low,The Sports Card Shop,Valparaiso,IN,https://thesportscardshop.com/,check,"name matches but OSM location is Valparaiso, IN"
https://cardshows.io/shops/the-toy-factory-hillsborough,low,The Toy Factory,,OR,https://www.thetoyfactory.us/,check,"name matches, but OSM gives no city (state OR)"
https://cardshows.io/shops/the-upkeep-games-ann-arbor-ann-arbor,low,The Upkeep Games,Canton,MI,https://www.theupkeepgames.com/,check,"name matches but OSM location is Canton, MI"
https://cardshows.io/shops/the-upkeep-games-canton-canton-township,low,The Upkeep Games,Canton,MI,https://www.theupkeepgames.com/,check,"name matches but OSM location is Canton, MI"
https://cardshows.io/shops/titan-games-champaign-champaign,low,Titan Games,Springfield,IL,https://www.titangamesonline.com/,check,"chain or common name, same website matched 3 locations"
https://cardshows.io/shops/titan-games-decatur-decatur,low,Titan Games,Springfield,IL,https://www.titangamesonline.com/,check,"chain or common name, same website matched 3 locations"
https://cardshows.io/shops/titan-games-springfield-springfield,low,Titan Games,Springfield,IL,https://www.titangamesonline.com/,check,"chain or common name, same website matched 3 locations"
https://cardshows.io/shops/title-town-sports-shop-auburn,low,Title Town Sports Shop,,MA,https://www.titletownsportsshop.com/,check,"name matches, but OSM gives no city (state MA)"
https://cardshows.io/shops/token-edgewater,low,Token,,MD,https://tokenmtg.com/,check,"one-word name, too generic to trust"
https://cardshows.io/shops/tower-games-bloomington-minneapolis,low,Tower Games,Minneapolis,MN,https://www.towergamesmn.com/,check,"name matches but OSM location is Minneapolis, MN"
https://cardshows.io/shops/tower-of-games-chesapeake,low,Tower Games,Minneapolis,MN,https://www.towergamesmn.com/,check,"name matches but OSM location is Minneapolis, MN"
https://cardshows.io/shops/tower-of-games-newport-news,low,Tower Games,Minneapolis,MN,https://www.towergamesmn.com/,check,"name matches but OSM location is Minneapolis, MN"
https://cardshows.io/shops/tower-of-games-virginia-beach,low,Tower Games,Minneapolis,MN,https://www.towergamesmn.com/,check,"name matches but OSM location is Minneapolis, MN"
https://cardshows.io/shops/toys-from-the-attic-somersworth,low,Toys & Co.,,NC,https://toysandco.com/,check,"one-word name, too generic to trust"
https://cardshows.io/shops/treasure-chest-collectibles-cedar-rapids,low,Treasure Chest Collectibles,Lake Forest,CA,https://treasurechestcollectibles.com/,check,"name matches but OSM location is Lake Forest, CA"
https://cardshows.io/shops/treasures-naperville,low,Treasures of Naperville,Naperville,IL,https://treasuresnaperville.com/,check,"name matches but OSM location is Naperville, IL"
https://cardshows.io/shops/uncles-games-redmond,low,Uncle's Games,,WA,https://www.unclesgames.com/,check,"name matches, but OSM gives no city (state WA)"
https://cardshows.io/shops/wheelhouse-ardmore,low,Wheelhouse,Wayne,PA,https://wheelhousecards.com/,check,"one-word name, too generic to trust"
https://cardshows.io/shops/wheelhouse-philadelphia,low,Wheelhouse,Wayne,PA,https://wheelhousecards.com/,check,"one-word name, too generic to trust"
https://cardshows.io/shops/winners-corner-co-pueblo,low,Winner's Corner,Newport,MN,https://www.winnerscornergames.com/,check,"name matches but OSM location is Newport, MN"
https://cardshows.io/shops/wyldwolf-games-coon-rapids,low,Wyldwolf Games,,MN,https://wyldwolfgames.com/,check,"name matches, but OSM gives no city (state MN)"
https://cardshows.io/shops/a-world-of-collections-games-comics-and-cards-edmonds,low,A+ Comics,Lexington,KY,https://www.apluscomics.com/,reject,OSM name only partly matches
https://cardshows.io/shops/all-american-sports-collectibles-st-louis,low,All American Sports,Colorado Springs,CO,https://www.shopallamericansports.com,reject,shop name has extra words OSM name lacks
https://cardshows.io/shops/all-star-sportscards-comics-gainesville,low,All-Star Comics,Oklahoma City,OK,https://allstarcomicsokc.com/,reject,OSM name only partly matches
https://cardshows.io/shops/atomic-comics-games-music-muncie,low,Atomic Comics,,AZ,https://www.atomiccomicsaz.com/,reject,shop name has extra words OSM name lacks
https://cardshows.io/shops/big-stricks-sports-cards-vinyl-records-and-collectibles-rock-island,low,Big Rock Sports,Graham,NC,https://www.bigrocksports.com/,reject,OSM name only partly matches
https://cardshows.io/shops/bobs-sports-cards-mmrbl-howell-township,low,Bob's Sports,,PA,https://www.bobssports.net/,reject,shop name has extra words OSM name lacks
https://cardshows.io/shops/breaking-bangers-sports-cards-tcg-collectibles-more-cartersville,low,Breaking Bangers,Cartersville,GA,https://breakingbangers.com/,reject,shop name has extra words OSM name lacks
https://cardshows.io/shops/buffalo-sports-card-convention-orchard-park,low,Buffalo Sports,Buffalo,NY,https://www.buffalosportsstore.com/,reject,shop name has extra words OSM name lacks
https://cardshows.io/shops/c-c-sports-cards-prairieville,low,C & C sports,,MI,https://www.ccsport.com/,reject,shop name has extra words OSM name lacks
https://cardshows.io/shops/coastal-cards-dtsp-st-petersburg,low,Coastal,Salem,OR,https://www.coastalcountry.com/about/store-locations/salem,reject,shop name has extra words OSM name lacks
https://cardshows.io/shops/coastal-rc-speedway-and-hobbies-chesapeake,low,Coastal,Salem,OR,https://www.coastalcountry.com/about/store-locations/salem,reject,shop name has extra words OSM name lacks
https://cardshows.io/shops/coastal-sports-cards-collectibles-carlsbad,low,Coastal,Salem,OR,https://www.coastalcountry.com/about/store-locations/salem,reject,shop name has extra words OSM name lacks
https://cardshows.io/shops/coastal-sports-cards-hartsville-hartsville,low,Coastal,Salem,OR,https://www.coastalcountry.com/about/store-locations/salem,reject,shop name has extra words OSM name lacks
https://cardshows.io/shops/coastal-sports-collectibles-ellsworth,low,Coastal,Salem,OR,https://www.coastalcountry.com/about/store-locations/salem,reject,shop name has extra words OSM name lacks
https://cardshows.io/shops/coliseum-card-company-metairie,low,Coliseum Card Co.,Metairie,LA,https://coliseumcardco.tcgplayerpro.com,reject,shop name has extra words OSM name lacks
https://cardshows.io/shops/collective-sports-and-tcg-derry,low,The Collective,,GA,https://thecollectiveasalon.com/,reject,shop name has extra words OSM name lacks
https://cardshows.io/shops/collectors-corner-sports-cards-and-collectibles-mt-pleasant,low,Collectors Corner,Parkville,MD,https://www.collectorscornermd.com/,reject,shop name has extra words OSM name lacks
https://cardshows.io/shops/comic-figure-addicts-presents-paper-plastic-collectible-community-union-city,low,Comic City,,MI,https://comiccity.com/,reject,OSM name only partly matches
https://cardshows.io/shops/cosmic-clash-collectibles-brownsville,low,Cosmic Collectibles,Oklahoma City,OK,https://cosmicokc.com,reject,OSM name only partly matches
https://cardshows.io/shops/cosmic-destroyers-collectibles-shorewood,low,Cosmic Collectibles,Oklahoma City,OK,https://cosmicokc.com,reject,OSM name only partly matches
https://cardshows.io/shops/cosmic-games-collectibles-lakeland,low,Cosmic Games,,WA,https://www.cosmicbham.com,reject,shop name has extra words OSM name lacks
https://cardshows.io/shops/cosmic-hearth-games-concord,low,Cosmic Games,,WA,https://www.cosmicbham.com,reject,OSM name only partly matches
https://cardshows.io/shops/dave-adams-retail-store-williamsville,low,Dave & Adam’s,,NY,https://www.dacardworld.com,reject,shop name has extra words OSM name lacks
https://cardshows.io/shops/elite-sports-cards-and-comics-2-chicago,low,Elite Comics,,KS,https://www.elite-comics.com/,reject,OSM name only partly matches
https://cardshows.io/shops/elite-sports-cards-and-comics-chicago,low,Elite Comics,,KS,https://www.elite-comics.com/,reject,OSM name only partly matches
https://cardshows.io/shops/eureka-puzzles-games-brookline,low,Eureka!,Brookline,MA,https://eurekapuzzles.com/,reject,shop name has extra words OSM name lacks
https://cardshows.io/shops/finders-keepers-cards-and-collectables-west-valley-city,low,Finders Keepers,Derry,NH,https://www.finderskeepersnh.com/,reject,shop name has extra words OSM name lacks
https://cardshows.io/shops/game-force-pokemon-card-store-aurora,low,The Game Store,Jacksonville,AR,https://www.thegamestore.com/,reject,OSM name only partly matches
https://cardshows.io/shops/game-on-sports-memorabilia-southtowns-hamburg,low,Game On,Canby,OR,http://www.gamestarinc.net/,reject,shop name has extra words OSM name lacks
https://cardshows.io/shops/game-vault-game-store-cafe-el-paso,low,The Game Store,Jacksonville,AR,https://www.thegamestore.com/,reject,OSM name only partly matches
https://cardshows.io/shops/games-by-james-air-traffic-toys-st-cloud,low,Games by James,,MN,https://gamesbyjames.com,reject,shop name has extra words OSM name lacks
https://cardshows.io/shops/geek-city-games-north-liberty,low,Geek Games,Granite Quarry,NC,https://geekgames.business.site/,reject,OSM name only partly matches
https://cardshows.io/shops/geeky-villain-tabletop-gaming-more-everett,low,Geeky Villain,Everett,WA,https://www.facebook.com/Geeky-Villain-273700779679069/,reject,shop name has extra words OSM name lacks
https://cardshows.io/shops/go-4-games-metairie,low,Go!,Jenks,OK,https://www.gotoysandgames.com/store-locator/directory/OK/SR3264,reject,shop name has extra words OSM name lacks
https://cardshows.io/shops/go-yard-sports-cards-arvada,low,Go!,Jenks,OK,https://www.gotoysandgames.com/store-locator/directory/OK/SR3264,reject,shop name has extra words OSM name lacks
https://cardshows.io/shops/haven-games-nixa,low,Haven,Dripping Springs,TX,https://shophaventxreviews.com/,reject,shop name has extra words OSM name lacks
https://cardshows.io/shops/heroes-and-games-columbus,low,Heroes,Campbell,CA,https://www.heroescomicbooks.com/index.cfm,reject,shop name has extra words OSM name lacks
https://cardshows.io/shops/heroes-and-horrors-games-windsor,low,Heroes,Campbell,CA,https://www.heroescomicbooks.com/index.cfm,reject,shop name has extra words OSM name lacks
https://cardshows.io/shops/heroes-magic-and-sports-cards-rapid-city,low,Heroes,Campbell,CA,https://www.heroescomicbooks.com/index.cfm,reject,shop name has extra words OSM name lacks
https://cardshows.io/shops/hex-holo-gaming-martins-ferry,low,Hex & Co.,,NY,https://www.hexnyc.com/hexco-union-square/,reject,shop name has extra words OSM name lacks
https://cardshows.io/shops/hobby-etc-hobby-shop-and-raceway-manchester,low,Hobby Etc,Manchester,NH,https://hobbyetc.com/,reject,shop name has extra words OSM name lacks
https://cardshows.io/shops/house-divided-sports-cards-collectibles-tulsa,low,House of Cards,,NC,https://www.wshouseofcards.com/,reject,OSM name only partly matches
https://cardshows.io/shops/house-of-cards-and-collectibles-san-antonio,low,House of Cards,,NC,https://www.wshouseofcards.com/,reject,shop name has extra words OSM name lacks
https://cardshows.io/shops/house-of-cards-and-toys-west-melbourne,low,House of Cards,,NC,https://www.wshouseofcards.com/,reject,shop name has extra words OSM name lacks
https://cardshows.io/shops/house-of-cards-sports-cards-collectibles-sandy,low,House of Cards,,NC,https://www.wshouseofcards.com/,reject,shop name has extra words OSM name lacks
https://cardshows.io/shops/infinite-heroes-games-nampa,low,Infinite Games,Villa Rica,GA,https://www.infinitegamesga.com/,reject,OSM name only partly matches
https://cardshows.io/shops/iron-lion-collectibles-colorado-springs,low,The Iron Lion,Colorado Springs,CO,https://ironlioncollectibles.com,reject,shop name has extra words OSM name lacks
https://cardshows.io/shops/its-your-move-games-oakland,low,It's Your Move,,CA,http://www.itsyourmoveoakland.com,reject,shop name has extra words OSM name lacks
https://cardshows.io/shops/j-j-games-n-hobbies-fountain,low,J & J Games,Marshfield,WI,https://www.jjgameswi.com/,reject,shop name has extra words OSM name lacks
https://cardshows.io/shops/jrs-sports-cards-tulsa,low,JR's Sports,Clovis,CA,https://www.shopjrsports.com/,reject,shop name has extra words OSM name lacks
https://cardshows.io/shops/just-roll-with-it-cards-and-games-spring-hill,low,Just Games,Rochester,NY,https://www.justgamesrochester.com/,reject,OSM name only partly matches
https://cardshows.io/shops/kingdom-cardz-collectibles-st-joseph,low,Kingdom Collectibles,Fresno,CA,https://www.kingdomcollectibles.us/,reject,OSM name only partly matches
https://cardshows.io/shops/level-up-games-collectibles-grand-prairie,low,Level Up Games,,MN,https://www.levelupgamesmn.com/,reject,shop name has extra words OSM name lacks
https://cardshows.io/shops/little-spectacles-cards-collectibles-las-vegas,low,Little Spectacles,Las Vegas,NV,https://littlespectacles.shop/,reject,shop name has extra words OSM name lacks
https://cardshows.io/shops/minty-gem-trading-cards-collectibles-shawnee,low,Minty Gem,Shawnee,KS,https://www.mintygem.com/,reject,shop name has extra words OSM name lacks
https://cardshows.io/shops/one-piece-card-game-official-shop-gurnee-il-gurnee,low,One Piece Card Game,,TX,https://mitsuwa.com/tp/#SHOPS,reject,shop name has extra words OSM name lacks
https://cardshows.io/shops/pastime-legends-video-games-arcade-showroom-ventura,low,Pastime Legends,Schenectady,NY,https://www.facebook.com/people/Pastime-Legends-Scotia/61555251239741/,reject,shop name has extra words OSM name lacks
https://cardshows.io/shops/phoenix-comics-games-seattle,low,Phoenix Games,,MN,http://www.phoenixgamesonline.com/,reject,OSM name only partly matches
https://cardshows.io/shops/phoenix-emporium-games-and-collectibles-clearwater,low,Phoenix Games,,MN,http://www.phoenixgamesonline.com/,reject,OSM name only partly matches
https://cardshows.io/shops/phoenix-fire-games-meridian,low,Phoenix Games,,MN,http://www.phoenixgamesonline.com/,reject,OSM name only partly matches
https://cardshows.io/shops/phoenix-rise-trading-cards-and-tabletop-games-fort-worth,low,Phoenix Games,,MN,http://www.phoenixgamesonline.com/,reject,OSM name only partly matches
https://cardshows.io/shops/phoenix-rising-games-and-comics-salisbury,low,Phoenix Games,,MN,http://www.phoenixgamesonline.com/,reject,OSM name only partly matches
https://cardshows.io/shops/pink-elephant-games-and-cafe-wichita,low,Pink Elephant,Wichita,KS,https://www.pinkelephantgames.com/,reject,shop name has extra words OSM name lacks
https://cardshows.io/shops/pioneer-sports-cards-cooperstown,low,Pioneer Sports,Frisco,CO,https://www.pioneersportscolorado.com/frisco-flagship-location/,reject,shop name has extra words OSM name lacks
https://cardshows.io/shops/pixel-pack-games-spokane-valley,low,Pixel & Pack,Spokane Valley,WA,https://pixelandpack.com/,reject,shop name has extra words OSM name lacks
https://cardshows.io/shops/play-another-game-cards-collectibles-philadelphia,low,Play,Chicago,IL,https://playtoysandbooks.com,reject,shop name has extra words OSM name lacks
https://cardshows.io/shops/play-cave-gaming-and-lounge-kathleen,low,Play,Chicago,IL,https://playtoysandbooks.com,reject,shop name has extra words OSM name lacks
https://cardshows.io/shops/rocket-city-sports-cards-huntsville,low,The Rocket,Ypsilanti,MI,http://www.therocketypsi.com,reject,shop name has extra words OSM name lacks
https://cardshows.io/shops/rocket-sports-cards-collectibles-howell,low,The Rocket,Ypsilanti,MI,http://www.therocketypsi.com,reject,shop name has extra words OSM name lacks
https://cardshows.io/shops/spellbound-games-chicago,low,Spellbound,North Hollywood,CA,https://larpandgames.com/,reject,shop name has extra words OSM name lacks
https://cardshows.io/shops/sports-card-collectibles-mechanicsville,low,Sports Collectibles,Peabody,MA,https://www.facebook.com/Sports-Collectibles-156510094388639/,reject,OSM name only partly matches
https://cardshows.io/shops/sports-collectibles-more-webster,low,Sports Collectibles,Peabody,MA,https://www.facebook.com/Sports-Collectibles-156510094388639/,reject,shop name has extra words OSM name lacks
https://cardshows.io/shops/sports-minded-unlimited-warren,low,Sports Unlimited,Alpena,MI,https://www.sportsunlimitedrv.com/,reject,OSM name only partly matches
https://cardshows.io/shops/sports-nuts-collectibles-alabaster,low,Sports Collectibles,Peabody,MA,https://www.facebook.com/Sports-Collectibles-156510094388639/,reject,OSM name only partly matches
https://cardshows.io/shops/sports-world-card-shop-lebanon,low,Sports World,Eureka,CA,https://www.facebook.com/pages/The-Sports-World/100296146696486,reject,shop name has extra words OSM name lacks
https://cardshows.io/shops/sports-world-collectibles-race-world-collectibles-virginia-beach,low,Sports World,Eureka,CA,https://www.facebook.com/pages/The-Sports-World/100296146696486,reject,shop name has extra words OSM name lacks
https://cardshows.io/shops/steel-city-collectibles-white-oak,low,Steel Collectibles,Kennesaw,GA,https://steelcollectibles.com/,reject,OSM name only partly matches
https://cardshows.io/shops/stone-blue-hobbies-hobby-shop-lynchburg,low,Stone Blue Hobbies,Lynchburg,VA,https://stonebluehobbies.com/,reject,shop name has extra words OSM name lacks
https://cardshows.io/shops/tcs-rockets-comics-toys-san-diego,low,TC's Rockets,San Diego,CA,https://tcsrockets.com/,reject,shop name has extra words OSM name lacks
https://cardshows.io/shops/the-lyons-den-sports-cards-madison,low,Lyons Den,,TX,https://www.lyonsdengames.com/,reject,shop name has extra words OSM name lacks
https://cardshows.io/shops/the-trading-card-post-rogue-river,low,The Trading Post,Crystal Lake,IL,http://www.tradingpostcrystallake.com/,reject,OSM name only partly matches
https://cardshows.io/shops/the-trading-post-cards-collectibles-albemarle,low,The Trading Post,Crystal Lake,IL,http://www.tradingpostcrystallake.com/,reject,shop name has extra words OSM name lacks
https://cardshows.io/shops/the-valley-sports-cards-collectibles-herkimer,low,Valley Sports,Shakopee,MN,https://www.shakopeevalleysports.com/,reject,shop name has extra words OSM name lacks
https://cardshows.io/shops/titan-cards-and-games-pinellas-park,low,Titan Games,Springfield,IL,https://www.titangamesonline.com/,reject,OSM name only partly matches
https://cardshows.io/shops/top-dog-comics-martinez,low,Top Comics,Traverse City,MI,https://www.thetopcomics.com/,reject,OSM name only partly matches
https://cardshows.io/shops/treasure-trove-cards-and-collectables-suffolk,low,The Treasure Trove,Vancouver,WA,https://vancouverconsignment.com/,reject,shop name has extra words OSM name lacks
https://cardshows.io/shops/treasure-trove-cards-and-collectibles-ketchikan,low,The Treasure Trove,Vancouver,WA,https://vancouverconsignment.com/,reject,shop name has extra words OSM name lacks
https://cardshows.io/shops/treasure-trove-collectibles-marketplace-dayton,low,The Treasure Trove,Vancouver,WA,https://vancouverconsignment.com/,reject,shop name has extra words OSM name lacks
https://cardshows.io/shops/uncles-games-puzzles-more-spokane,low,Uncle's Games,,WA,https://www.unclesgames.com/,reject,shop name has extra words OSM name lacks
https://cardshows.io/shops/valley-sports-cards-grain-valley,low,Valley Sports,Shakopee,MN,https://www.shakopeevalleysports.com/,reject,shop name has extra words OSM name lacks
https://cardshows.io/shops/vintage-bros-brownsville,low,Vintage Vintage,Portland,OR,http://www.vintagevintagepdx.com/,reject,OSM name only partly matches
https://cardshows.io/shops/vintage-card-company-boulder,low,Vintage Vintage,Portland,OR,http://www.vintagevintagepdx.com/,reject,OSM name only partly matches
https://cardshows.io/shops/vintage-indy-sports-speedway,low,Vintage Vintage,Portland,OR,http://www.vintagevintagepdx.com/,reject,OSM name only partly matches
https://cardshows.io/shops/vintage-sports-memorabilia-norwalk,low,Vintage Vintage,Portland,OR,http://www.vintagevintagepdx.com/,reject,OSM name only partly matches
https://cardshows.io/shops/weekend-anime-and-games-westbrook,low,Weekend Anime,Westbrook,ME,https://weekendanime.com/,reject,shop name has extra words OSM name lacks
https://cardshows.io/shops/wonder-water-sports-cards-comics-games-clearwater,low,Wonder Cards & Comics,Barre;Berlin,VT,https://wondercardsandcomics.wordpress.com/,reject,OSM name only partly matches
