cardshows_url,website,confidence,note
https://cardshows.io/shops/1-stop-card-shop-bellaire,https://1stopcardshoptx.com,high,
https://cardshows.io/shops/1-stop-card-shop-hillsboro,https://1stopcardshopandgames.com,medium,name matches; location not confirmed on site
https://cardshows.io/shops/172-sports-cards-massillon,https://www.facebook.com/p/172-Sports-Cards-61553119924844/,social,Facebook only
https://cardshows.io/shops/1st-10-sports-cards-warrior,https://www.1stand10sportscards.com,high,
https://cardshows.io/shops/1st-and-goal-collectibles-canton,https://1standgoalcollectibles.com,high,
https://cardshows.io/shops/1st-capital-gaming-hagerstown,https://1stcapitalgaming.com,high,chain
https://cardshows.io/shops/1st-capital-gaming-york,https://1stcapitalgaming.com,high,chain
https://cardshows.io/shops/1st-edition-collectibles-dartmouth,https://1steditioncollectibles.com,high,
https://cardshows.io/shops/1st-graded-st-cloud,https://www.1stgraded.com,high,
https://cardshows.io/shops/2-bros-a-box-stillwater,https://www.facebook.com/p/2-Bros-a-Box-100076062497729/,social,Facebook only
https://cardshows.io/shops/2-guys-sports-cards-chatham,https://www.facebook.com/p/2-Guys-Sports-Cards-100063507035061/,social,Facebook only
https://cardshows.io/shops/2-peace-card-shop-manhattan,https://www.facebook.com/p/2-Peace-Card-Shop-61578942501604/,social,Facebook/Instagram only
https://cardshows.io/shops/2-star-studio-carmel,,none,no card shop found under this name
https://cardshows.io/shops/2026-world-cup-cards-pembroke,,none,no shop found
https://cardshows.io/shops/219-sports-cards-accident,https://www.facebook.com/219sportscards/,social,Facebook only
https://cardshows.io/shops/3-and-2-sportscards-moweaqua,https://www.facebook.com/3.and.2.sportscards.llc/,social,Facebook only
https://cardshows.io/shops/3-arrows-games-carson-city,https://www.3arrowsgames.com,high,
https://cardshows.io/shops/3-kings-sports-cards-llc-canton-township,https://www.3kingssportscards.com,high,chain
https://cardshows.io/shops/3-kings-sports-cards-llc-detroit,https://www.3kingssportscards.com,high,chain
https://cardshows.io/shops/3-old-dogs-collectibles-mt-vernon,,none,no website or page found
https://cardshows.io/shops/304cardsandcomics-charleston,,none,no shop found under this name
https://cardshows.io/shops/307-trading-cards-gillette,https://www.facebook.com/p/307-Trading-Cards-100077895843134/,social,Facebook only
https://cardshows.io/shops/309-cards-and-collectables-llc-pekin,https://www.facebook.com/p/309-Cards-and-Collectables-LLC-61577044934217/,social,Facebook only
https://cardshows.io/shops/314-sports-cards-collectibles-olivette,https://www.314sportscards.com,high,
https://cardshows.io/shops/316breaks-waipahu,,none,no shop found
https://cardshows.io/shops/360-fantasy-football-draft-boards-winooski,https://fantasyfootballdraftboard.net,high,"draft board maker, not a card shop"
https://cardshows.io/shops/3d-sports-cards-glendale,https://3dsportscards.net,high,
https://cardshows.io/shops/3rd-coast-cards-katy,https://www.3rdcoastcards.com,high,
https://cardshows.io/shops/3rd-coast-collector-pasadena,https://www.3rd-coast-collector.com,high,
https://cardshows.io/shops/4-color-fantasies-rancho-cucamonga,https://stores.comichub.com/4_color_fantasies,medium,ComicHub store page; email domain 4colorfantasies.com
https://cardshows.io/shops/401-poke-supply-west-warwick,https://401pokesupply.com,high,
https://cardshows.io/shops/417-sports-cards-lebanon,https://www.facebook.com/p/417-Sports-Cards-100093153091070/,social,Facebook only
https://cardshows.io/shops/423-sports-cards-greeneville,https://www.facebook.com/423sportscards/,social,Facebook only
https://cardshows.io/shops/44-more-sports-cards-derry,https://www.auctionninja.com/44-more-sports-cards-and-so-much-more/,medium,"online auctions only, no own site"
https://cardshows.io/shops/4gs-games-martinez,https://4gsgames.com,high,
https://cardshows.io/shops/5-lanes-sports-cards-plymouth,https://5lanescards.square.site,high,
https://cardshows.io/shops/5-star-cards-of-wisconsin-oconomowoc,https://5starcards.com,high,
https://cardshows.io/shops/528-collectibles-north-grafton,https://www.528collectibles.com,high,chain
